{"type": "FeatureCollection", "features": [{"type": "Feature", "properties": {"slug": "seward-highway", "name": "Seward Highway", "route": "AK-1 / AK-9", "color": "FFE53935", "source": "OpenStreetMap route relation (api.openstreetmap.org), simplified"}, "geometry": {"type": "LineString", "coordinates": [[-149.8301, 61.07753], [-149.83074, 61.07888], [-149.83094, 61.07934], [-149.83165, 61.08159], [-149.83202, 61.08265], [-149.83216, 61.08303], [-149.83272, 61.08418], [-149.83308, 61.08475], [-149.83429, 61.08636], [-149.83459, 61.08686], [-149.83484, 61.0877], [-149.83508, 61.09189], [-149.83516, 61.09238], [-149.83546, 61.09314], [-149.83608, 61.09397], [-149.84017, 61.09852], [-149.84218, 61.10047], [-149.84713, 61.10506], [-149.85081, 61.10846], [-149.85122, 61.10882], [-149.85304, 61.11066], [-149.85439, 61.11239], [-149.85503, 61.11335], [-149.85589, 61.11514], [-149.85649, 61.11736], [-149.85663, 61.11892], [-149.85663, 61.11958], [-149.85662, 61.12089], [-149.85661, 61.12284], [-149.85662, 61.12331], [-149.85662, 61.12365], [-149.85666, 61.12735], [-149.85667, 61.13064], [-149.85667, 61.13373], [-149.85668, 61.13985], [-149.85669, 61.14142], [-149.85666, 61.14412], [-149.85666, 61.14454], [-149.85666, 61.14497], [-149.85666, 61.14735], [-149.85662, 61.1479], [-149.85654, 61.14888], [-149.85639, 61.15021], [-149.85622, 61.15147], [-149.85608, 61.15227], [-149.85572, 61.15575], [-149.85578, 61.15621], [-149.85656, 61.16194], [-149.85667, 61.1626], [-149.85667, 61.16495], [-149.8567, 61.16601], [-149.8567, 61.16682], [-149.85686, 61.16906], [-149.85743, 61.17081], [-149.85806, 61.17269], [-149.85891, 61.17522], [-149.85908, 61.17573], [-149.86051, 61.18027], [-149.86176, 61.18397], [-149.862, 61.18442], [-149.86349, 61.18626], [-149.86537, 61.1879], [-149.8656, 61.18815], [-149.86572, 61.18825], [-149.86593, 61.18843], [-149.86715, 61.18956], [-149.86798, 61.19082], [-149.86808, 61.19126], [-149.86821, 61.19184], [-149.86822, 61.19258], [-149.86822, 61.1933], [-149.86822, 61.19422], [-149.8682, 61.19541], [-149.8682, 61.19591], [-149.86822, 61.19729], [-149.86822, 61.19771], [-149.86822, 61.19773], [-149.86822, 61.19784], [-149.86821, 61.1987], [-149.86821, 61.19986], [-149.86821, 61.20064], [-149.86821, 61.20099], [-149.86787, 61.20182], [-149.86785, 61.19861], [-149.86785, 61.19774], [-149.86783, 61.19628], [-149.86786, 61.19528], [-149.86787, 61.19477], [-149.86788, 61.19433], [-149.86789, 61.19364], [-149.8679, 61.1934], [-149.86786, 61.19238], [-149.86751, 61.19099], [-149.86742, 61.19078], [-149.86661, 61.18955], [-149.86524, 61.18827], [-149.8651, 61.18814], [-149.86486, 61.18792], [-149.86454, 61.18765], [-149.86305, 61.18633], [-149.86256, 61.18584], [-149.86167, 61.18474], [-149.8612, 61.18362], [-149.85973, 61.17911], [-149.85897, 61.17697], [-149.85882, 61.17639], [-149.85858, 61.17576], [-149.85841, 61.17526], [-149.85788, 61.17361], [-149.8569, 61.17075], [-149.85635, 61.16771], [-149.85634, 61.16682], [-149.85635, 61.16604], [-149.85614, 61.16178], [-149.85576, 61.15926], [-149.85525, 61.15571], [-149.85535, 61.15428], [-149.85561, 61.15225], [-149.85575, 61.15147], [-149.85586, 61.15083], [-149.85611, 61.14924], [-149.85626, 61.14772], [-149.85635, 61.14615], [-149.85635, 61.14577], [-149.85635, 61.145], [-149.85637, 61.14454], [-149.8563, 61.1422], [-149.8563, 61.13953], [-149.85629, 61.13839], [-149.85629, 61.13685], [-149.85629, 61.13482], [-149.85628, 61.13258], [-149.85628, 61.13241], [-149.85627, 61.1294], [-149.85629, 61.12651], [-149.85631, 61.12456], [-149.8563, 61.12331], [-149.8563, 61.12284], [-149.8563, 61.12211], [-149.85626, 61.11946], [-149.85611, 61.11733], [-149.85573, 61.11584], [-149.85514, 61.11439], [-149.85408, 61.11254], [-149.85267, 61.11073], [-149.85074, 61.10881], [-149.85034, 61.10846], [-149.84878, 61.10703], [-149.84612, 61.10454], [-149.84204, 61.10081], [-149.83979, 61.09859], [-149.83894, 61.09765], [-149.83801, 61.0966], [-149.83609, 61.09449], [-149.83541, 61.09369], [-149.83485, 61.09262], [-149.83472, 61.09202], [-149.8346, 61.08894], [-149.83444, 61.0877], [-149.83416, 61.0869], [-149.8336, 61.08596], [-149.83283, 61.08498], [-149.83238, 61.0843], [-149.83165, 61.08266], [-149.83133, 61.08161], [-149.83112, 61.08079], [-149.83101, 61.08034], [-149.83045, 61.07858], [-149.8301, 61.07753], [-149.82969, 61.07655], [-149.82905, 61.07497], [-149.8281, 61.07323], [-149.82656, 61.0714], [-149.82459, 61.0697], [-149.8238, 61.06913], [-149.82233, 61.06819], [-149.82063, 61.06727], [-149.81341, 61.06377], [-149.8096, 61.06193], [-149.80613, 61.06024], [-149.8046, 61.05937], [-149.80329, 61.05846], [-149.80092, 61.05629], [-149.79857, 61.05413], [-149.7966, 61.05232], [-149.79499, 61.05063], [-149.79393, 61.04946], [-149.79357, 61.04885], [-149.79333, 61.04841], [-149.79257, 61.04752], [-149.79227, 61.04729], [-149.78881, 61.04463], [-149.78701, 61.04326], [-149.78667, 61.04301], [-149.78503, 61.0418], [-149.78448, 61.04128], [-149.78411, 61.04078], [-149.78313, 61.0389], [-149.78053, 61.03723], [-149.77832, 61.036], [-149.77739, 61.03568], [-149.77635, 61.03542], [-149.7724, 61.03455], [-149.77046, 61.03396], [-149.76894, 61.03327], [-149.7669, 61.03199], [-149.766, 61.03152], [-149.76459, 61.03104], [-149.7628, 61.03056], [-149.75857, 61.02941], [-149.75594, 61.02868], [-149.75436, 61.02813], [-149.75339, 61.02757], [-149.75272, 61.02701], [-149.75149, 61.02527], [-149.75044, 61.02427], [-149.74815, 61.02302], [-149.7458, 61.02152], [-149.74325, 61.01979], [-149.74158, 61.01879], [-149.73914, 61.01785], [-149.73629, 61.01683], [-149.7347, 61.01649], [-149.73099, 61.01606], [-149.72805, 61.0157], [-149.72561, 61.01542], [-149.72373, 61.01518], [-149.72054, 61.01457], [-149.7186, 61.01418], [-149.71755, 61.01402], [-149.71592, 61.01385], [-149.71415, 61.0137], [-149.71325, 61.01354], [-149.71207, 61.0132], [-149.71023, 61.01258], [-149.70923, 61.01229], [-149.70726, 61.01187], [-149.70474, 61.01136], [-149.69902, 61.01015], [-149.69772, 61.00978], [-149.69664, 61.00925], [-149.6954, 61.00801], [-149.69501, 61.00762], [-149.69456, 61.0073], [-149.69404, 61.00701], [-149.69347, 61.00674], [-149.69269, 61.00647], [-149.69195, 61.00626], [-149.69137, 61.00613], [-149.69066, 61.00601], [-149.68987, 61.00592], [-149.68828, 61.0058], [-149.68293, 61.00538], [-149.67931, 61.00509], [-149.67819, 61.00498], [-149.67689, 61.00482], [-149.67582, 61.00467], [-149.67422, 61.00439], [-149.67273, 61.00408], [-149.6713, 61.00372], [-149.67012, 61.00344], [-149.66925, 61.00329], [-149.66826, 61.00319], [-149.66533, 61.00298], [-149.66177, 61.00273], [-149.65749, 61.00244], [-149.65653, 61.00234], [-149.65567, 61.00218], [-149.65497, 61.00199], [-149.65428, 61.00172], [-149.65357, 61.00135], [-149.65186, 61.00034], [-149.65077, 60.99993], [-149.64968, 60.99967], [-149.64841, 60.99952], [-149.64746, 60.99951], [-149.64507, 60.99977], [-149.64386, 60.99989], [-149.64361, 60.9999], [-149.64277, 60.9999], [-149.64149, 60.99977], [-149.64051, 60.99956], [-149.63978, 60.99935], [-149.63804, 60.99864], [-149.63638, 60.99796], [-149.63548, 60.9976], [-149.63519, 60.99748], [-149.63382, 60.99691], [-149.63289, 60.99651], [-149.63132, 60.99575], [-149.6286, 60.99427], [-149.62767, 60.99382], [-149.62477, 60.99264], [-149.61575, 60.98897], [-149.61435, 60.98835], [-149.61358, 60.98786], [-149.61256, 60.9868], [-149.61137, 60.98569], [-149.61013, 60.98516], [-149.60887, 60.98485], [-149.60774, 60.98472], [-149.60573, 60.98469], [-149.60347, 60.98473], [-149.60267, 60.98469], [-149.6012, 60.98455], [-149.59968, 60.98424], [-149.59258, 60.98253], [-149.59183, 60.98243], [-149.59068, 60.98236], [-149.59015, 60.98235], [-149.58876, 60.9824], [-149.58593, 60.9825], [-149.58463, 60.98257], [-149.58289, 60.98275], [-149.58187, 60.98291], [-149.57641, 60.98403], [-149.57524, 60.98424], [-149.57447, 60.98433], [-149.57301, 60.9844], [-149.56739, 60.98452], [-149.56596, 60.98447], [-149.56416, 60.98424], [-149.56025, 60.9836], [-149.55503, 60.98325], [-149.55274, 60.98313], [-149.55082, 60.98315], [-149.54687, 60.98337], [-149.54543, 60.98334], [-149.53761, 60.98302], [-149.53629, 60.98307], [-149.53502, 60.98325], [-149.53335, 60.98369], [-149.52907, 60.98531], [-149.52647, 60.98631], [-149.52474, 60.98681], [-149.5234, 60.98708], [-149.52078, 60.98732], [-149.51834, 60.98726], [-149.51656, 60.98708], [-149.51097, 60.98647], [-149.50531, 60.986], [-149.50365, 60.98587], [-149.50091, 60.98557], [-149.50004, 60.98544], [-149.49909, 60.98528], [-149.49768, 60.985], [-149.49618, 60.98466], [-149.49359, 60.98392], [-149.49151, 60.98318], [-149.48536, 60.98082], [-149.48268, 60.97977], [-149.48167, 60.97929], [-149.48054, 60.97863], [-149.47929, 60.97768], [-149.47795, 60.97637], [-149.4773, 60.97578], [-149.47652, 60.97523], [-149.47561, 60.97475], [-149.47498, 60.97448], [-149.4737, 60.97404], [-149.47244, 60.97372], [-149.47177, 60.97359], [-149.47125, 60.97351], [-149.47016, 60.97338], [-149.4689, 60.97325], [-149.46761, 60.97311], [-149.46645, 60.973], [-149.46229, 60.97257], [-149.46004, 60.97226], [-149.45604, 60.97144], [-149.4527, 60.97054], [-149.45041, 60.96973], [-149.44847, 60.96893], [-149.44467, 60.96735], [-149.4421, 60.96626], [-149.43395, 60.9628], [-149.43197, 60.96194], [-149.43131, 60.96164], [-149.42976, 60.96086], [-149.42885, 60.96036], [-149.42871, 60.96029], [-149.42536, 60.95844], [-149.42095, 60.95573], [-149.41976, 60.95514], [-149.41866, 60.95476], [-149.4165, 60.95416], [-149.4134, 60.95326], [-149.41116, 60.95264], [-149.41038, 60.95245], [-149.40953, 60.95228], [-149.4078, 60.95201], [-149.40305, 60.95117], [-149.40121, 60.95081], [-149.39762, 60.9501], [-149.39684, 60.94995], [-149.38485, 60.94753], [-149.37867, 60.94621], [-149.37745, 60.94589], [-149.37633, 60.94553], [-149.37583, 60.94533], [-149.37502, 60.94498], [-149.37348, 60.94413], [-149.37316, 60.94393], [-149.37245, 60.94336], [-149.37186, 60.94279], [-149.37096, 60.94164], [-149.37044, 60.94095], [-149.3699, 60.9404], [-149.3686, 60.93937], [-149.36831, 60.93915], [-149.36637, 60.93763], [-149.36367, 60.93549], [-149.36326, 60.93511], [-149.36241, 60.93419], [-149.36113, 60.93278], [-149.36052, 60.93225], [-149.35913, 60.93142], [-149.35873, 60.93124], [-149.35772, 60.93084], [-149.357, 60.93062], [-149.35649, 60.93049], [-149.35564, 60.93029], [-149.35443, 60.93008], [-149.35313, 60.92995], [-149.35178, 60.92988], [-149.34501, 60.92977], [-149.34326, 60.92976], [-149.3423, 60.92978], [-149.34168, 60.92981], [-149.34116, 60.92984], [-149.33963, 60.92997], [-149.33798, 60.93018], [-149.33545, 60.93063], [-149.32698, 60.93229], [-149.32209, 60.93305], [-149.31303, 60.93446], [-149.3099, 60.93471], [-149.30335, 60.93487], [-149.30047, 60.93505], [-149.29124, 60.93615], [-149.28685, 60.93653], [-149.28211, 60.93694], [-149.27866, 60.93706], [-149.26547, 60.93721], [-149.26375, 60.93724], [-149.258, 60.93751], [-149.25228, 60.93806], [-149.24789, 60.9386], [-149.24549, 60.93882], [-149.24178, 60.93902], [-149.23576, 60.93933], [-149.23289, 60.93949], [-149.22862, 60.93972], [-149.22572, 60.94009], [-149.21267, 60.94226], [-149.20057, 60.94419], [-149.19577, 60.94495], [-149.19381, 60.94506], [-149.19172, 60.94496], [-149.18935, 60.94455], [-149.18827, 60.94428], [-149.18778, 60.94416], [-149.1822, 60.94267], [-149.1813, 60.94243], [-149.18032, 60.94217], [-149.17445, 60.94059], [-149.17329, 60.94028], [-149.17215, 60.94], [-149.17133, 60.93976], [-149.1678, 60.93884], [-149.16687, 60.93859], [-149.16448, 60.93794], [-149.16324, 60.93753], [-149.16177, 60.93698], [-149.16041, 60.93641], [-149.15767, 60.93478], [-149.15537, 60.93316], [-149.15497, 60.93288], [-149.14861, 60.92822], [-149.14758, 60.92748], [-149.14624, 60.92654], [-149.14481, 60.92554], [-149.14316, 60.92442], [-149.142, 60.9237], [-149.141, 60.92323], [-149.13717, 60.9214], [-149.13541, 60.92042], [-149.133, 60.9192], [-149.13127, 60.91863], [-149.12961, 60.91828], [-149.12783, 60.91803], [-149.11916, 60.91713], [-149.11754, 60.91691], [-149.11175, 60.91596], [-149.09708, 60.91334], [-149.09506, 60.91285], [-149.09293, 60.91203], [-149.08002, 60.90543], [-149.07781, 60.90396], [-149.06922, 60.89697], [-149.06378, 60.89273], [-149.06107, 60.89144], [-149.05497, 60.88895], [-149.05155, 60.88737], [-149.04823, 60.88537], [-149.04741, 60.88482], [-149.04697, 60.88452], [-149.04556, 60.88327], [-149.04257, 60.87866], [-149.04064, 60.87616], [-149.02992, 60.86573], [-149.02612, 60.86335], [-149.01938, 60.86014], [-148.99686, 60.84947], [-148.99127, 60.84682], [-148.98907, 60.84575], [-148.98675, 60.84436], [-148.98482, 60.84286], [-148.98405, 60.84204], [-148.98333, 60.84119], [-148.98268, 60.84017], [-148.98119, 60.83637], [-148.98002, 60.8328], [-148.97814, 60.8273], [-148.97792, 60.82664], [-148.97717, 60.82437], [-148.9766, 60.8222], [-148.97672, 60.82141], [-148.97705, 60.82063], [-148.97717, 60.82045], [-148.97727, 60.8203], [-148.97777, 60.81972], [-148.9785, 60.81911], [-148.97965, 60.81835], [-148.98096, 60.81777], [-148.9827, 60.8172], [-148.9843, 60.81685], [-148.9859, 60.8166], [-148.98833, 60.81654], [-148.98911, 60.81655], [-148.99128, 60.81676], [-148.99331, 60.81716], [-148.99562, 60.81791], [-148.99692, 60.81841], [-149.00011, 60.81975], [-149.0015, 60.82033], [-149.00301, 60.82099], [-149.01079, 60.82424], [-149.01178, 60.82466], [-149.01594, 60.82642], [-149.03122, 60.83281], [-149.03451, 60.83431], [-149.04066, 60.8377], [-149.04611, 60.84079], [-149.04723, 60.84145], [-149.04948, 60.84271], [-149.05274, 60.84463], [-149.05442, 60.8456], [-149.05575, 60.8462], [-149.05651, 60.84643], [-149.05753, 60.84665], [-149.05798, 60.84672], [-149.05907, 60.84683], [-149.05974, 60.84685], [-149.06169, 60.84672], [-149.06359, 60.84633], [-149.06534, 60.84566], [-149.07167, 60.8431], [-149.0779, 60.84044], [-149.0866, 60.83705], [-149.09412, 60.83445], [-149.09889, 60.8334], [-149.10231, 60.83241], [-149.10785, 60.8303], [-149.11236, 60.82892], [-149.12472, 60.82566], [-149.13701, 60.82239], [-149.14454, 60.82053], [-149.15292, 60.81859], [-149.15499, 60.81806], [-149.1573, 60.81723], [-149.16053, 60.81572], [-149.16418, 60.81427], [-149.16827, 60.81287], [-149.17231, 60.81064], [-149.18035, 60.80634], [-149.18673, 60.80328], [-149.18971, 60.80211], [-149.19467, 60.8002], [-149.19628, 60.79914], [-149.19773, 60.79752], [-149.19783, 60.79739], [-149.19966, 60.79498], [-149.20011, 60.79455], [-149.20108, 60.7939], [-149.20255, 60.79317], [-149.20364, 60.79268], [-149.22179, 60.77775], [-149.22074, 60.77893], [-149.21703, 60.78302], [-149.21318, 60.78632], [-149.21038, 60.78872], [-149.20873, 60.79007], [-149.20619, 60.79146], [-149.20364, 60.79268], [-149.20526, 60.79206], [-149.20757, 60.79098], [-149.20896, 60.79013], [-149.21341, 60.7864], [-149.21731, 60.7831], [-149.22124, 60.77865], [-149.22262, 60.77698], [-149.22294, 60.77662], [-149.23228, 60.76616], [-149.23364, 60.76382], [-149.23487, 60.76206], [-149.2376, 60.75999], [-149.2433, 60.75632], [-149.24436, 60.75563], [-149.24947, 60.75243], [-149.2509, 60.7511], [-149.25327, 60.74844], [-149.25527, 60.74626], [-149.26232, 60.73868], [-149.26592, 60.73485], [-149.2683, 60.73287], [-149.26914, 60.73227], [-149.27212, 60.72998], [-149.27343, 60.72923], [-149.27473, 60.72867], [-149.27635, 60.72813], [-149.27795, 60.72776], [-149.27975, 60.72748], [-149.28175, 60.72735], [-149.2867, 60.72739], [-149.28715, 60.72739], [-149.29056, 60.72739], [-149.29912, 60.72745], [-149.30449, 60.72763], [-149.30596, 60.72776], [-149.31947, 60.72912], [-149.33292, 60.73047], [-149.33489, 60.73074], [-149.33928, 60.73151], [-149.34016, 60.73169], [-149.34175, 60.73201], [-149.34327, 60.73237], [-149.34535, 60.73297], [-149.34744, 60.73373], [-149.35146, 60.73587], [-149.35706, 60.73889], [-149.36237, 60.74186], [-149.36498, 60.74378], [-149.36644, 60.74515], [-149.36791, 60.74638], [-149.36901, 60.74698], [-149.37091, 60.7477], [-149.37349, 60.74851], [-149.37761, 60.74977], [-149.37919, 60.75042], [-149.38036, 60.75118], [-149.38145, 60.75243], [-149.38233, 60.75368], [-149.38289, 60.75424], [-149.38398, 60.75495], [-149.38713, 60.75676], [-149.39181, 60.75935], [-149.39392, 60.76053], [-149.39563, 60.76136], [-149.39777, 60.7621], [-149.40076, 60.76311], [-149.40203, 60.76378], [-149.40317, 60.76471], [-149.40376, 60.76617], [-149.40361, 60.76733], [-149.40327, 60.76881], [-149.40321, 60.76964], [-149.40365, 60.7715], [-149.40447, 60.77288], [-149.40537, 60.77367], [-149.40678, 60.77445], [-149.40966, 60.77548], [-149.41421, 60.77645], [-149.42003, 60.77786], [-149.4214, 60.77831], [-149.42391, 60.77924], [-149.42592, 60.77984], [-149.42645, 60.77999], [-149.42791, 60.78033], [-149.42893, 60.78044], [-149.43027, 60.78045], [-149.4314, 60.78042], [-149.43293, 60.78024], [-149.43462, 60.77976], [-149.43564, 60.77936], [-149.43614, 60.77908], [-149.43687, 60.7785], [-149.43757, 60.77766], [-149.43799, 60.77709], [-149.44016, 60.77377], [-149.44231, 60.77119], [-149.44495, 60.76853], [-149.44634, 60.76744], [-149.45097, 60.76438], [-149.45495, 60.76179], [-149.45648, 60.76084], [-149.46043, 60.75847], [-149.46244, 60.75708], [-149.46356, 60.756], [-149.46485, 60.75436], [-149.46653, 60.75209], [-149.46693, 60.7512], [-149.46692, 60.75057], [-149.46672, 60.74999], [-149.46612, 60.74925], [-149.46246, 60.74623], [-149.46061, 60.74479], [-149.45976, 60.744], [-149.45931, 60.74324], [-149.45914, 60.74273], [-149.45887, 60.7417], [-149.45807, 60.73795], [-149.45809, 60.73666], [-149.45842, 60.73512], [-149.45885, 60.73291], [-149.45955, 60.72971], [-149.46154, 60.71944], [-149.46184, 60.71817], [-149.46239, 60.71707], [-149.46284, 60.71643], [-149.46421, 60.71493], [-149.46896, 60.70974], [-149.47023, 60.70836], [-149.47065, 60.70761], [-149.47081, 60.70679], [-149.47077, 60.7062], [-149.47051, 60.70556], [-149.46929, 60.70357], [-149.4691, 60.70282], [-149.46917, 60.70209], [-149.46932, 60.70168], [-149.46958, 60.7012], [-149.47524, 60.69399], [-149.47904, 60.6891], [-149.47986, 60.68745], [-149.4802, 60.68611], [-149.48033, 60.68425], [-149.48048, 60.68187], [-149.48054, 60.68011], [-149.48037, 60.67952], [-149.48018, 60.67913], [-149.47963, 60.67834], [-149.47837, 60.67698], [-149.47756, 60.67536], [-149.47778, 60.67384], [-149.47804, 60.67304], [-149.47915, 60.66991], [-149.48078, 60.66531], [-149.48134, 60.66385], [-149.48248, 60.66177], [-149.48391, 60.65972], [-149.49145, 60.65079], [-149.4981, 60.64279], [-149.4986, 60.64217], [-149.49993, 60.64072], [-149.50113, 60.63981], [-149.51061, 60.63353], [-149.52166, 60.62527], [-149.52523, 60.62221], [-149.52929, 60.61745], [-149.53047, 60.61601], [-149.53196, 60.61429], [-149.53515, 60.61053], [-149.53599, 60.6092], [-149.53693, 60.60665], [-149.53829, 60.60344], [-149.53986, 60.6011], [-149.54156, 60.59877], [-149.54215, 60.59821], [-149.54283, 60.59769], [-149.54576, 60.59601], [-149.54716, 60.59509], [-149.54935, 60.59297], [-149.55164, 60.59073], [-149.55642, 60.58625], [-149.56251, 60.58067], [-149.56483, 60.57895], [-149.57046, 60.57525], [-149.57203, 60.57314], [-149.57827, 60.56318], [-149.57892, 60.56216], [-149.58099, 60.55881], [-149.58209, 60.55722], [-149.58335, 60.556], [-149.58393, 60.55554], [-149.58526, 60.55436], [-149.58568, 60.55346], [-149.58571, 60.55281], [-149.58551, 60.55216], [-149.585, 60.55151], [-149.58418, 60.55086], [-149.58125, 60.54932], [-149.57772, 60.54774], [-149.57519, 60.54686], [-149.57137, 60.54478], [-149.56992, 60.54386], [-149.56797, 60.54239], [-149.56652, 60.54148], [-149.54347, 60.53472], [-149.54413, 60.53483], [-149.54453, 60.53489], [-149.54548, 60.53497], [-149.54694, 60.53501], [-149.54858, 60.53499], [-149.55256, 60.53508], [-149.55398, 60.53511], [-149.55513, 60.53523], [-149.55619, 60.53548], [-149.55713, 60.53581], [-149.55887, 60.5367], [-149.56087, 60.53801]]}}, {"type": "Feature", "properties": {"slug": "glenn-highway", "name": "Glenn Highway", "route": "AK-1", "color": "FFFB8C00", "source": "OpenStreetMap route relation (api.openstreetmap.org), simplified"}, "geometry": {"type": "LineString", "coordinates": [[-145.47545, 62.10783], [-145.48563, 62.10745], [-145.49319, 62.10739], [-145.5002, 62.10733], [-145.51399, 62.10773], [-145.52827, 62.10763], [-145.53803, 62.10834], [-145.54577, 62.10891], [-145.55131, 62.10931], [-145.55577, 62.10956], [-145.56295, 62.10948], [-145.56667, 62.10895], [-145.5759, 62.10731], [-145.58888, 62.10712], [-145.62444, 62.10684], [-145.63628, 62.10673], [-145.64191, 62.10668], [-145.6498, 62.1066], [-145.66997, 62.10644], [-145.6824, 62.10632], [-145.69584, 62.10595], [-145.74395, 62.10743], [-145.9168, 62.10591], [-145.95416, 62.10653], [-145.95948, 62.1062], [-145.9624, 62.10537], [-145.96574, 62.10309], [-145.96866, 62.10028], [-145.97525, 62.0959], [-145.98462, 62.09528], [-146.00219, 62.09735], [-146.03329, 62.0983], [-146.05195, 62.09989], [-146.08361, 62.09999], [-146.10746, 62.09828], [-146.12105, 62.09603], [-146.12771, 62.0963], [-146.14105, 62.09754], [-146.20354, 62.09691], [-146.2602, 62.09483], [-146.28729, 62.09228], [-146.32025, 62.08892], [-146.36367, 62.08597], [-146.37627, 62.08397], [-146.39452, 62.07994], [-146.40254, 62.07772], [-146.41033, 62.07225], [-146.41468, 62.07098], [-146.45106, 62.06446], [-146.4621, 62.06108], [-146.49019, 62.05229], [-146.51592, 62.04685], [-146.53559, 62.04887], [-146.54259, 62.04904], [-146.54729, 62.0486], [-146.56572, 62.0454], [-146.58798, 62.03627], [-146.61718, 62.02835], [-146.64291, 62.02923], [-146.66042, 62.0304], [-146.69331, 62.0269], [-146.71813, 62.02044], [-146.73477, 62.01463], [-146.75062, 61.99849], [-146.76328, 61.99449], [-146.77304, 61.99094], [-146.7808, 61.9904], [-146.78746, 61.9898], [-146.82065, 61.9821], [-146.85934, 61.98169], [-146.86872, 61.98225], [-146.87754, 61.98514], [-146.88995, 61.98607], [-146.90597, 61.98795], [-146.9344, 61.98958], [-146.94286, 61.98826], [-146.95518, 61.98558], [-146.97968, 61.98791], [-147.00178, 61.98794], [-147.0143, 61.98813], [-147.05283, 61.98871], [-147.07522, 61.98685], [-147.08735, 61.98214], [-147.09462, 61.97678], [-147.10756, 61.96661], [-147.12432, 61.95894], [-147.14353, 61.95041], [-147.15128, 61.94496], [-147.17034, 61.93826], [-147.21392, 61.92693], [-147.21841, 61.92631], [-147.23775, 61.92436], [-147.24238, 61.92353], [-147.2562, 61.9203], [-147.25918, 61.91943], [-147.26338, 61.91768], [-147.27801, 61.91132], [-147.28103, 61.91047], [-147.29585, 61.90693], [-147.30437, 61.90375], [-147.31074, 61.9013], [-147.32715, 61.89602], [-147.32988, 61.89486], [-147.33216, 61.89331], [-147.33347, 61.89178], [-147.33418, 61.88956], [-147.33552, 61.88258], [-147.33617, 61.88129], [-147.3388, 61.87856], [-147.34529, 61.87194], [-147.34657, 61.86894], [-147.34753, 61.86753], [-147.35065, 61.86488], [-147.35385, 61.86265], [-147.36428, 61.85664], [-147.37367, 61.85235], [-147.37737, 61.85078], [-147.38203, 61.8496], [-147.3876, 61.84826], [-147.3897, 61.84754], [-147.39509, 61.84463], [-147.39997, 61.84153], [-147.40236, 61.83942], [-147.4067, 61.83537], [-147.41009, 61.8323], [-147.41575, 61.82867], [-147.42644, 61.82187], [-147.42806, 61.82114], [-147.43, 61.82056], [-147.4322, 61.82018], [-147.43404, 61.82004], [-147.43594, 61.82005], [-147.44166, 61.82057], [-147.4509, 61.82141], [-147.45289, 61.82143], [-147.45503, 61.82125], [-147.45677, 61.82094], [-147.45873, 61.82038], [-147.46035, 61.81967], [-147.46407, 61.81775], [-147.46639, 61.81692], [-147.46898, 61.8163], [-147.47888, 61.81484], [-147.49406, 61.81225], [-147.51214, 61.80913], [-147.52128, 61.80756], [-147.53498, 61.8052], [-147.55468, 61.8018], [-147.55995, 61.80094], [-147.56205, 61.80083], [-147.56617, 61.80087], [-147.5691, 61.80072], [-147.57574, 61.80027], [-147.58423, 61.80011], [-147.58735, 61.8001], [-147.59131, 61.80036], [-147.59494, 61.80061], [-147.59657, 61.80054], [-147.59885, 61.80016], [-147.60393, 61.79913], [-147.60559, 61.79896], [-147.60722, 61.79893], [-147.61255, 61.79927], [-147.61652, 61.79947], [-147.62231, 61.79929], [-147.62494, 61.79925], [-147.62675, 61.79938], [-147.62841, 61.79963], [-147.63234, 61.80056], [-147.6341, 61.80084], [-147.63582, 61.80093], [-147.64304, 61.80059], [-147.64533, 61.80044], [-147.64919, 61.80001], [-147.65168, 61.79985], [-147.65439, 61.79987], [-147.65661, 61.80004], [-147.65901, 61.80039], [-147.66544, 61.80149], [-147.66756, 61.80156], [-147.67024, 61.80133], [-147.67167, 61.80123], [-147.67286, 61.80131], [-147.67402, 61.80154], [-147.67657, 61.80233], [-147.67996, 61.80338], [-147.68122, 61.80362], [-147.68242, 61.8036], [-147.68336, 61.80342], [-147.68402, 61.80315], [-147.68451, 61.80279], [-147.68475, 61.80237], [-147.6847, 61.80192], [-147.68387, 61.80109], [-147.68221, 61.7991], [-147.68018, 61.79733], [-147.67931, 61.79681], [-147.67631, 61.79586], [-147.67499, 61.79533], [-147.67336, 61.7942], [-147.67256, 61.79331], [-147.67254, 61.79251], [-147.6733, 61.79175], [-147.67466, 61.79125], [-147.6759, 61.79109], [-147.68264, 61.79134], [-147.69011, 61.79149], [-147.694, 61.79148], [-147.69661, 61.79129], [-147.69828, 61.79131], [-147.70936, 61.79216], [-147.7117, 61.79252], [-147.71349, 61.79295], [-147.72035, 61.79516], [-147.72228, 61.79564], [-147.72966, 61.79717], [-147.73132, 61.79734], [-147.75047, 61.7973], [-147.77586, 61.79728], [-147.78026, 61.79748], [-147.78864, 61.79792], [-147.79092, 61.798], [-147.79417, 61.79785], [-147.79779, 61.79802], [-147.80418, 61.79885], [-147.81588, 61.8011], [-147.82037, 61.80203], [-147.82431, 61.80239], [-147.82658, 61.80272], [-147.8311, 61.80391], [-147.83335, 61.8043], [-147.83503, 61.80439], [-147.84238, 61.80432], [-147.84877, 61.80363], [-147.8527, 61.80301], [-147.86399, 61.79966], [-147.87484, 61.79633], [-147.87881, 61.79514], [-147.88497, 61.79374], [-147.89072, 61.79291], [-147.89578, 61.79249], [-147.90289, 61.79229], [-147.9073, 61.79221], [-147.90903, 61.79231], [-147.91102, 61.79258], [-147.913, 61.79284], [-147.915, 61.79293], [-147.91788, 61.79277], [-147.9259, 61.79207], [-147.93531, 61.79113], [-147.94018, 61.79065], [-147.94283, 61.79052], [-147.94498, 61.79064], [-147.95173, 61.79152], [-147.95843, 61.79225], [-147.96127, 61.79285], [-147.96345, 61.79358], [-147.96787, 61.79546], [-147.96978, 61.79596], [-147.97312, 61.79648], [-147.9755, 61.79695], [-147.97999, 61.79813], [-147.98272, 61.79855], [-147.98539, 61.79863], [-147.98902, 61.79836], [-147.99186, 61.79795], [-147.99453, 61.79728], [-147.99906, 61.79547], [-148.00147, 61.79453], [-148.00338, 61.79406], [-148.00661, 61.7936], [-148.02249, 61.7916], [-148.02439, 61.7915], [-148.02675, 61.7916], [-148.03567, 61.79256], [-148.03933, 61.79321], [-148.04957, 61.79533], [-148.05184, 61.79603], [-148.05397, 61.79696], [-148.0582, 61.79926], [-148.06454, 61.80216], [-148.06558, 61.80249], [-148.06787, 61.80286], [-148.07168, 61.80335], [-148.07269, 61.80335], [-148.075, 61.80316], [-148.07677, 61.80317], [-148.08152, 61.80376], [-148.1063, 61.80698], [-148.12882, 61.81001], [-148.13685, 61.81108], [-148.1427, 61.81168], [-148.14576, 61.81202], [-148.14699, 61.81223], [-148.1483, 61.81237], [-148.15127, 61.81234], [-148.15321, 61.81237], [-148.1543, 61.8121], [-148.1551, 61.81165], [-148.15659, 61.81125], [-148.15792, 61.8107], [-148.15904, 61.81043], [-148.16021, 61.81041], [-148.16273, 61.81069], [-148.16508, 61.81124], [-148.1664, 61.81144], [-148.16745, 61.81144], [-148.16892, 61.81135], [-148.17062, 61.81143], [-148.17283, 61.81176], [-148.17478, 61.81204], [-148.17638, 61.81208], [-148.17867, 61.81186], [-148.1848, 61.81099], [-148.18613, 61.8107], [-148.18758, 61.81016], [-148.18901, 61.80998], [-148.19147, 61.80993], [-148.19394, 61.80979], [-148.19593, 61.80958], [-148.19928, 61.80925], [-148.20089, 61.80923], [-148.20277, 61.80914], [-148.20522, 61.80891], [-148.20717, 61.8088], [-148.20914, 61.80869], [-148.21063, 61.80834], [-148.2122, 61.80806], [-148.21455, 61.80782], [-148.21639, 61.80776], [-148.21834, 61.80762], [-148.22094, 61.80724], [-148.22364, 61.80687], [-148.22595, 61.80656], [-148.22753, 61.80624], [-148.22852, 61.80586], [-148.23005, 61.80548], [-148.23296, 61.80499], [-148.23541, 61.80481], [-148.23621, 61.80468], [-148.23761, 61.80404], [-148.23999, 61.80276], [-148.24117, 61.80246], [-148.24244, 61.8023], [-148.24353, 61.80203], [-148.24486, 61.80166], [-148.24591, 61.80163], [-148.24694, 61.80147], [-148.24793, 61.80127], [-148.24906, 61.80122], [-148.25003, 61.80105], [-148.25145, 61.80053], [-148.25231, 61.80014], [-148.2527, 61.7997], [-148.25279, 61.79926], [-148.25311, 61.79892], [-148.25504, 61.79832], [-148.25656, 61.79792], [-148.25902, 61.79763], [-148.26263, 61.79729], [-148.26807, 61.7969], [-148.27105, 61.79674], [-148.27352, 61.79673], [-148.27729, 61.79656], [-148.28078, 61.79652], [-148.28321, 61.79659], [-148.28598, 61.79662], [-148.29074, 61.79667], [-148.29396, 61.79672], [-148.30932, 61.79647], [-148.3145, 61.79609], [-148.3166, 61.79595], [-148.3212, 61.79552], [-148.32489, 61.79502], [-148.33067, 61.79453], [-148.33177, 61.79452], [-148.33365, 61.79468], [-148.33597, 61.79472], [-148.33909, 61.79485], [-148.34072, 61.79485], [-148.34308, 61.79467], [-148.34606, 61.79441], [-148.34752, 61.7944], [-148.3523, 61.79454], [-148.35442, 61.79451], [-148.36306, 61.79396], [-148.37036, 61.79351], [-148.37233, 61.79322], [-148.37762, 61.79225], [-148.38129, 61.79178], [-148.3841, 61.79136], [-148.386, 61.79111], [-148.38781, 61.79098], [-148.39073, 61.79056], [-148.39386, 61.79026], [-148.39557, 61.79018], [-148.40595, 61.79024], [-148.40832, 61.79055], [-148.41601, 61.7916], [-148.4175, 61.79163], [-148.42045, 61.79135], [-148.42159, 61.79135], [-148.42565, 61.79174], [-148.4271, 61.79171], [-148.42849, 61.79149], [-148.43202, 61.7903], [-148.43613, 61.78892], [-148.43866, 61.78865], [-148.4413, 61.78827], [-148.44231, 61.78826], [-148.44325, 61.78843], [-148.44436, 61.78868], [-148.44584, 61.78873], [-148.44713, 61.78858], [-148.45128, 61.78774], [-148.45245, 61.78729], [-148.45335, 61.78651], [-148.45423, 61.78496], [-148.45516, 61.7842], [-148.45625, 61.7837], [-148.46384, 61.78193], [-148.46605, 61.78136], [-148.46863, 61.78023], [-148.4699, 61.77978], [-148.47327, 61.77892], [-148.47863, 61.77683], [-148.48023, 61.77643], [-148.48225, 61.77617], [-148.49749, 61.7759], [-148.50085, 61.77581], [-148.50201, 61.77561], [-148.503, 61.77528], [-148.50664, 61.77361], [-148.51101, 61.77178], [-148.52611, 61.76699], [-148.52775, 61.76663], [-148.53057, 61.76635], [-148.53239, 61.76615], [-148.5338, 61.7656], [-148.53532, 61.76448], [-148.53645, 61.76406], [-148.53956, 61.76357], [-148.54133, 61.76336], [-148.54253, 61.7634], [-148.5447, 61.76365], [-148.54639, 61.76364], [-148.54952, 61.76328], [-148.55113, 61.76321], [-148.5525, 61.76316], [-148.55422, 61.7628], [-148.55603, 61.76268], [-148.56023, 61.76266], [-148.57272, 61.76286], [-148.574, 61.76275], [-148.5764, 61.76174], [-148.57755, 61.76128], [-148.57908, 61.76106], [-148.58076, 61.76083], [-148.58309, 61.76012], [-148.58411, 61.75964], [-148.58531, 61.75857], [-148.58641, 61.75808], [-148.593, 61.75682], [-148.59574, 61.75656], [-148.59741, 61.75651], [-148.60368, 61.75695], [-148.60579, 61.75704], [-148.60817, 61.75686], [-148.62416, 61.7539], [-148.62568, 61.7535], [-148.62931, 61.7518], [-148.63414, 61.74995], [-148.63699, 61.74916], [-148.64984, 61.74641], [-148.67022, 61.7411], [-148.68721, 61.73675], [-148.68981, 61.73606], [-148.69434, 61.73461], [-148.69872, 61.73371], [-148.69994, 61.73366], [-148.70218, 61.7338], [-148.70482, 61.7337], [-148.70686, 61.73364], [-148.70906, 61.73356], [-148.71164, 61.73314], [-148.71249, 61.73267], [-148.71395, 61.73115], [-148.71475, 61.73069], [-148.71896, 61.72992], [-148.72284, 61.72922], [-148.725, 61.72862], [-148.72656, 61.72838], [-148.72853, 61.72829], [-148.73163, 61.72817], [-148.73313, 61.72788], [-148.73767, 61.72647], [-148.73931, 61.7261], [-148.74249, 61.72572], [-148.74403, 61.72567], [-148.7455, 61.7258], [-148.74681, 61.72611], [-148.74797, 61.72658], [-148.74891, 61.72729], [-148.74971, 61.72867], [-148.74996, 61.73074], [-148.75007, 61.73289], [-148.75025, 61.73357], [-148.7508, 61.73419], [-148.75171, 61.73474], [-148.75276, 61.7351], [-148.75429, 61.73538], [-148.75591, 61.73542], [-148.75778, 61.73522], [-148.7911, 61.73122], [-148.81535, 61.7283], [-148.81984, 61.72772], [-148.82301, 61.72699], [-148.82571, 61.72601], [-148.82794, 61.72479], [-148.83357, 61.72042], [-148.83756, 61.71812], [-148.84023, 61.7167], [-148.84458, 61.71301], [-148.84719, 61.7118], [-148.84989, 61.71108], [-148.85292, 61.71067], [-148.87754, 61.70947], [-148.88391, 61.70945], [-148.89522, 61.71021], [-148.90046, 61.71058], [-148.90773, 61.71102], [-148.91792, 61.71122], [-148.92215, 61.71099], [-148.92576, 61.7104], [-148.93078, 61.70911], [-148.93427, 61.70887], [-148.93715, 61.70873], [-148.94104, 61.70817], [-148.94385, 61.70742], [-148.94689, 61.70612], [-148.94897, 61.70469], [-148.95283, 61.70111], [-148.95486, 61.69762], [-148.95692, 61.69632], [-148.9611, 61.69538], [-148.96597, 61.6941], [-148.97046, 61.69169], [-148.97887, 61.6889], [-148.98367, 61.687], [-148.98582, 61.68546], [-148.98914, 61.681], [-148.99038, 61.67994], [-148.99179, 61.67918], [-148.99383, 61.67844], [-148.99625, 61.67793], [-148.99956, 61.67769], [-149.01907, 61.67763], [-149.0235, 61.67771], [-149.02828, 61.67866], [-149.03023, 61.6792], [-149.03503, 61.6813], [-149.03655, 61.68185], [-149.04092, 61.68276], [-149.04213, 61.68285], [-149.04497, 61.68263], [-149.04865, 61.68223], [-149.04974, 61.682], [-149.05021, 61.68175], [-149.05053, 61.68139], [-149.05054, 61.68092], [-149.05003, 61.68047], [-149.04916, 61.68014], [-149.04674, 61.67954], [-149.04544, 61.67913], [-149.04496, 61.67867], [-149.04482, 61.67816], [-149.04492, 61.67766], [-149.04549, 61.67717], [-149.04752, 61.67659], [-149.05156, 61.67583], [-149.05946, 61.67512], [-149.06229, 61.67467], [-149.0759, 61.66937], [-149.07847, 61.66822], [-149.08751, 61.66357], [-149.09036, 61.66202], [-149.09645, 61.65795], [-149.09789, 61.65719], [-149.10129, 61.65625], [-149.10808, 61.65447], [-149.11001, 61.65352], [-149.11168, 61.65204], [-149.11745, 61.64572], [-149.11821, 61.64436], [-149.11848, 61.6429], [-149.11842, 61.63575], [-149.11851, 61.63422], [-149.1192, 61.63265], [-149.12042, 61.63061], [-149.12063, 61.62972], [-149.12053, 61.62779], [-149.12029, 61.62701], [-149.11876, 61.62497], [-149.11845, 61.62388], [-149.11845, 61.62118], [-149.11841, 61.61793], [-149.1184, 61.61397], [-149.11838, 61.61026], [-149.11833, 61.6095], [-149.11828, 61.60783], [-149.11838, 61.60708], [-149.11849, 61.60666], [-149.11875, 61.60606], [-149.11973, 61.6046], [-149.1218, 61.6017], [-149.12208, 61.60115], [-149.12235, 61.60026], [-149.12242, 61.59956], [-149.1224, 61.59852], [-149.12239, 61.59655], [-149.1224, 61.59419], [-149.12243, 61.59251], [-149.12263, 61.59172], [-149.12278, 61.59139], [-149.1232, 61.59072], [-149.12363, 61.59021], [-149.12426, 61.58963], [-149.12945, 61.58579], [-149.12982, 61.58552], [-149.13446, 61.58211], [-149.14486, 61.57446], [-149.14976, 61.57086], [-149.15159, 61.56952], [-149.15501, 61.56699], [-149.15582, 61.56635], [-149.161, 61.56252], [-149.15986, 61.56348], [-149.15551, 61.56681], [-149.15128, 61.57005], [-149.14995, 61.57104], [-149.14517, 61.57455], [-149.13948, 61.57874], [-149.13304, 61.58344], [-149.13087, 61.58498], [-149.12968, 61.58585], [-149.12464, 61.58957], [-149.12371, 61.59044], [-149.12324, 61.59106], [-149.12294, 61.59163], [-149.12274, 61.59228], [-149.12266, 61.59465], [-149.12268, 61.59673], [-149.12274, 61.5993], [-149.12274, 61.59957], [-149.12267, 61.60033], [-149.12245, 61.60103], [-149.12207, 61.6017], [-149.12168, 61.60227], [-149.1193, 61.60558], [-149.11881, 61.60651], [-149.11871, 61.60679], [-149.11857, 61.60744], [-149.11853, 61.60796], [-149.11852, 61.60861], [-149.11845, 61.60981], [-149.11838, 61.61026]]}}, {"type": "Feature", "properties": {"slug": "parks-highway", "name": "George Parks Highway", "route": "AK-3", "color": "FF8E24AA", "source": "OpenStreetMap route relation (api.openstreetmap.org), simplified"}, "geometry": {"type": "LineString", "coordinates": [[-147.71012, 64.82046], [-147.72411, 64.82042], [-147.73771, 64.82057], [-147.74435, 64.8215], [-147.74822, 64.82199], [-147.75752, 64.82203], [-147.7784, 64.82115], [-147.79214, 64.82028], [-147.80679, 64.82045], [-147.81175, 64.82156], [-147.8145, 64.82303], [-147.81952, 64.82636], [-147.82896, 64.8326], [-147.83477, 64.83677], [-147.83763, 64.83872], [-147.83955, 64.83956], [-147.84543, 64.84128], [-147.85781, 64.84512], [-147.86323, 64.84794], [-147.86554, 64.84967], [-147.87035, 64.85341], [-147.8745, 64.85662], [-147.87731, 64.8585], [-147.88331, 64.85998], [-147.89491, 64.85886], [-147.91372, 64.85751], [-147.92764, 64.85484], [-147.93789, 64.84963], [-147.94859, 64.84693], [-147.95928, 64.84566], [-147.98531, 64.84514], [-148.00293, 64.84586], [-148.00873, 64.84289], [-148.00874, 64.83909], [-148.01018, 64.83627], [-148.0211, 64.82894], [-148.02384, 64.82435], [-148.02671, 64.82019], [-148.02963, 64.81881], [-148.0339, 64.81791], [-148.05307, 64.81588], [-148.06383, 64.81453], [-148.07866, 64.80942], [-148.09076, 64.80517], [-148.09319, 64.8034], [-148.09604, 64.80181], [-148.10296, 64.80098], [-148.11128, 64.79939], [-148.13488, 64.79379], [-148.14282, 64.7914], [-148.14948, 64.79233], [-148.15726, 64.79332], [-148.16516, 64.79209], [-148.18411, 64.79364], [-148.1911, 64.79317], [-148.20661, 64.78953], [-148.21631, 64.78809], [-148.22962, 64.78721], [-148.23828, 64.78417], [-148.2528, 64.77689], [-148.26343, 64.77123], [-148.26872, 64.77028], [-148.27957, 64.76847], [-148.28817, 64.76725], [-148.30503, 64.76115], [-148.3093, 64.76098], [-148.31413, 64.76244], [-148.31905, 64.76479], [-148.3317, 64.76504], [-148.35918, 64.75831], [-148.36535, 64.75715], [-148.37207, 64.75708], [-148.39568, 64.75154], [-148.40401, 64.74597], [-148.4128, 64.74498], [-148.41806, 64.74403], [-148.42234, 64.74147], [-148.4252, 64.73697], [-148.43589, 64.73044], [-148.47357, 64.72283], [-148.47764, 64.72039], [-148.48018, 64.71609], [-148.50298, 64.70855], [-148.5084, 64.70848], [-148.52568, 64.70969], [-148.54102, 64.70988], [-148.55042, 64.71534], [-148.55488, 64.71657], [-148.56082, 64.71597], [-148.56955, 64.71236], [-148.57486, 64.71197], [-148.5834, 64.7148], [-148.58687, 64.71535], [-148.60091, 64.71361], [-148.60776, 64.7139], [-148.62016, 64.71232], [-148.62866, 64.70889], [-148.64379, 64.70561], [-148.65979, 64.70331], [-148.6706, 64.70399], [-148.6878, 64.70193], [-148.69582, 64.70116], [-148.70725, 64.69848], [-148.71251, 64.69926], [-148.7185, 64.7014], [-148.73213, 64.70222], [-148.74208, 64.69818], [-148.74671, 64.69712], [-148.75395, 64.69787], [-148.76052, 64.69694], [-148.76518, 64.69701], [-148.76919, 64.69937], [-148.77888, 64.70211], [-148.79227, 64.70354], [-148.80659, 64.70128], [-148.81415, 64.69853], [-148.82379, 64.69603], [-148.8368, 64.69122], [-148.85029, 64.68738], [-148.87714, 64.6781], [-148.88628, 64.67691], [-148.89813, 64.67649], [-148.90162, 64.67638], [-148.91102, 64.67289], [-148.93401, 64.66856], [-148.93982, 64.667], [-148.95003, 64.66298], [-149.01192, 64.63871], [-149.05041, 64.62991], [-149.05784, 64.6271], [-149.06453, 64.62219], [-149.08346, 64.60889], [-149.09414, 64.60437], [-149.10197, 64.60306], [-149.1087, 64.6006], [-149.11834, 64.59106], [-149.11872, 64.58325], [-149.11733, 64.57223], [-149.11418, 64.57059], [-149.10673, 64.5694], [-149.10086, 64.56416], [-149.09603, 64.5583], [-149.09591, 64.55265], [-149.09556, 64.54555], [-149.0922, 64.54235], [-149.08058, 64.53618], [-149.06813, 64.52621], [-149.06814, 64.51756], [-149.07268, 64.51287], [-149.07376, 64.51019], [-149.06924, 64.50005], [-149.07486, 64.49115], [-149.0818, 64.47757], [-149.07839, 64.47476], [-149.06849, 64.47326], [-149.05552, 64.46875], [-149.05024, 64.46472], [-149.05107, 64.45804], [-149.0538, 64.44617], [-149.04959, 64.4346], [-149.03888, 64.42883], [-149.03519, 64.42589], [-149.03559, 64.41947], [-149.03254, 64.41654], [-149.01655, 64.40538], [-149.01161, 64.3947], [-149.01674, 64.38395], [-149.02367, 64.37813], [-149.02647, 64.37421], [-149.02864, 64.36924], [-149.03268, 64.36768], [-149.04022, 64.3659], [-149.04533, 64.36245], [-149.04607, 64.35816], [-149.04238, 64.35423], [-149.04435, 64.33892], [-149.04012, 64.33459], [-149.03565, 64.32947], [-149.0359, 64.32646], [-149.05808, 64.31259], [-149.07634, 64.30084], [-149.11726, 64.2705], [-149.12567, 64.26724], [-149.17721, 64.2582], [-149.18966, 64.25399], [-149.24694, 64.22306], [-149.26785, 64.21889], [-149.29027, 64.21721], [-149.2968, 64.21547], [-149.29941, 64.213], [-149.29848, 64.20833], [-149.29894, 64.18467], [-149.29339, 64.17591], [-149.28865, 64.1633], [-149.26712, 64.14033], [-149.25792, 64.13603], [-149.25443, 64.13385], [-149.24684, 64.12607], [-149.24386, 64.12007], [-149.2458, 64.11612], [-149.24618, 64.11378], [-149.23998, 64.10874], [-149.229, 64.10027], [-149.22425, 64.08908], [-149.20554, 64.07924], [-149.20077, 64.07467], [-149.19984, 64.06848], [-149.19792, 64.06543], [-149.18544, 64.05516], [-149.15301, 64.03683], [-149.14494, 64.03331], [-149.14582, 64.02741], [-149.13577, 63.99841], [-149.12947, 63.98824], [-149.12161, 63.98266], [-149.12417, 63.9655], [-149.11991, 63.95327], [-149.11688, 63.94122], [-149.10996, 63.93802], [-149.10024, 63.93358], [-149.08485, 63.91841], [-149.0841, 63.91412], [-149.07951, 63.91095], [-149.045, 63.89336], [-149.02836, 63.88214], [-149.02154, 63.87716], [-149.02041, 63.87477], [-149.02165, 63.86821], [-149.01832, 63.86352], [-149.01113, 63.85277], [-149.0132, 63.84404], [-149.00563, 63.83185], [-148.97144, 63.81297], [-148.95328, 63.80479], [-148.94141, 63.80462], [-148.93062, 63.80199], [-148.92441, 63.79824], [-148.92275, 63.7961], [-148.92008, 63.79114], [-148.91735, 63.78865], [-148.91351, 63.78456], [-148.91083, 63.7825], [-148.90964, 63.7801], [-148.91045, 63.77703], [-148.91025, 63.77336], [-148.91113, 63.7689], [-148.90753, 63.76418], [-148.90618, 63.76167], [-148.89962, 63.75774], [-148.89963, 63.75443], [-148.89937, 63.75067], [-148.90028, 63.74726], [-148.89593, 63.74391], [-148.88879, 63.73924], [-148.88468, 63.73485], [-148.88251, 63.73134], [-148.8838, 63.72956], [-148.89001, 63.72641], [-148.8949, 63.72225], [-148.89665, 63.7192], [-148.88794, 63.71051], [-148.844, 63.68832], [-148.8269, 63.67845], [-148.82452, 63.6718], [-148.84003, 63.66307], [-148.83636, 63.65672], [-148.82691, 63.65185], [-148.80012, 63.64396], [-148.79291, 63.63853], [-148.7865, 63.63358], [-148.78261, 63.62259], [-148.78737, 63.61062], [-148.80595, 63.58941], [-148.81562, 63.56745], [-148.81848, 63.56349], [-148.82134, 63.55808], [-148.81947, 63.55533], [-148.80884, 63.54527], [-148.80378, 63.53764], [-148.80642, 63.53295], [-148.80194, 63.52142], [-148.80239, 63.51848], [-148.81323, 63.51001], [-148.81699, 63.501], [-148.81866, 63.4946], [-148.82136, 63.49094], [-148.82262, 63.48427], [-148.82237, 63.48187], [-148.81833, 63.47281], [-148.80674, 63.4648], [-148.80503, 63.46151], [-148.80342, 63.45825], [-148.80492, 63.45639], [-148.82166, 63.45181], [-148.85231, 63.44017], [-148.87212, 63.43098], [-148.88071, 63.41626], [-148.88815, 63.40166], [-148.89465, 63.39511], [-148.90607, 63.38767], [-148.91122, 63.38444], [-148.91551, 63.38306], [-148.95278, 63.37531], [-148.97101, 63.37397], [-148.99735, 63.36946], [-149.00806, 63.36405], [-149.04903, 63.3548], [-149.06546, 63.349], [-149.09222, 63.34131], [-149.12192, 63.3315], [-149.14322, 63.3222], [-149.1691, 63.31146], [-149.21337, 63.29071], [-149.22427, 63.27321], [-149.25529, 63.25534], [-149.25136, 63.24781], [-149.25313, 63.24257], [-149.26484, 63.23505], [-149.27518, 63.22883], [-149.30149, 63.21614], [-149.33009, 63.20436], [-149.34786, 63.19613], [-149.36656, 63.18531], [-149.38896, 63.16769], [-149.40891, 63.15242], [-149.4215, 63.14619], [-149.42155, 63.14361], [-149.42375, 63.14206], [-149.44846, 63.13371], [-149.45129, 63.13244], [-149.45317, 63.13054], [-149.45461, 63.12634], [-149.46039, 63.12245], [-149.46626, 63.12], [-149.46988, 63.11688], [-149.47427, 63.11503], [-149.48067, 63.11314], [-149.48787, 63.10755], [-149.4983, 63.09779], [-149.50262, 63.0953], [-149.51189, 63.09083], [-149.52322, 63.08288], [-149.52875, 63.0786], [-149.53146, 63.07508], [-149.54388, 63.06408], [-149.54699, 63.06145], [-149.55695, 63.05679], [-149.56653, 63.04822], [-149.57489, 63.04613], [-149.57958, 63.04533], [-149.58377, 63.04142], [-149.5876, 63.03525], [-149.58686, 63.02948], [-149.58935, 63.02584], [-149.58848, 63.01769], [-149.59024, 63.01462], [-149.59972, 63.00699], [-149.60416, 63.00275], [-149.61143, 62.99894], [-149.61931, 62.9932], [-149.62422, 62.9901], [-149.62542, 62.98809], [-149.6269, 62.98205], [-149.63142, 62.97606], [-149.63107, 62.9709], [-149.63682, 62.96267], [-149.64003, 62.96021], [-149.66583, 62.94901], [-149.6804, 62.93726], [-149.69334, 62.93083], [-149.69731, 62.92567], [-149.70172, 62.92144], [-149.71092, 62.91554], [-149.71532, 62.90972], [-149.73436, 62.89966], [-149.76499, 62.88929], [-149.79268, 62.88112], [-149.82154, 62.87596], [-149.83508, 62.87647], [-149.84419, 62.87006], [-149.84504, 62.86945], [-149.84606, 62.8689], [-149.84724, 62.86842], [-149.84854, 62.86802], [-149.84996, 62.8677], [-149.85146, 62.86748], [-149.853, 62.86733], [-149.85455, 62.8672], [-149.8561, 62.86704], [-149.85763, 62.86684], [-149.85911, 62.86659], [-149.86053, 62.86626], [-149.86187, 62.86588], [-149.87175, 62.86238], [-149.88242, 62.8441], [-149.90387, 62.82783], [-149.94085, 62.81509], [-150.04327, 62.77512], [-150.09829, 62.75853], [-150.15135, 62.73648], [-150.20118, 62.71492], [-150.20677, 62.71157], [-150.22336, 62.70408], [-150.24353, 62.68634], [-150.24158, 62.67995], [-150.22535, 62.65381], [-150.229, 62.62993], [-150.22628, 62.62394], [-150.22539, 62.60613], [-150.23808, 62.59672], [-150.23452, 62.5805], [-150.23715, 62.573], [-150.23146, 62.56879], [-150.23225, 62.56613], [-150.24271, 62.55763], [-150.23449, 62.54423], [-150.23453, 62.53348], [-150.25665, 62.51007], [-150.27565, 62.48347], [-150.27213, 62.45094], [-150.25885, 62.4121], [-150.25798, 62.40736], [-150.26243, 62.39665], [-150.2636, 62.388], [-150.26795, 62.37758], [-150.26681, 62.37461], [-150.25545, 62.36195], [-150.25287, 62.35344], [-150.24478, 62.33621], [-150.23963, 62.32509], [-150.23301, 62.31472], [-150.24814, 62.28606], [-150.24929, 62.28294], [-150.24314, 62.26841], [-150.24313, 62.26625], [-150.25014, 62.25256], [-150.25329, 62.23892], [-150.25184, 62.23726], [-150.23644, 62.22642], [-150.21253, 62.19189], [-150.18199, 62.17761], [-150.16977, 62.17423], [-150.16718, 62.17378], [-150.12368, 62.17012], [-150.10644, 62.16134], [-150.0924, 62.15228], [-150.08406, 62.14782], [-150.07279, 62.14545], [-150.05942, 62.14061], [-150.05382, 62.13873], [-150.04663, 62.1384], [-150.04259, 62.13694], [-150.04024, 62.13488], [-150.03917, 62.13366], [-150.03872, 62.1326], [-150.03871, 62.1312], [-150.03975, 62.12935], [-150.05247, 62.11345], [-150.05775, 62.10916], [-150.05912, 62.10744], [-150.05999, 62.10423], [-150.06193, 62.09543], [-150.06147, 62.08999], [-150.05973, 62.07067], [-150.06048, 62.06266], [-150.06252, 62.0501], [-150.06181, 62.04711], [-150.05978, 62.04345], [-150.06007, 62.04172], [-150.0611, 62.04022], [-150.06297, 62.03874], [-150.0668, 62.03684], [-150.07119, 62.03441], [-150.07342, 62.03295], [-150.07511, 62.03099], [-150.07563, 62.02903], [-150.07501, 62.02692], [-150.058, 62.0092], [-150.05623, 62.00677], [-150.05297, 61.99637], [-150.05139, 61.99115], [-150.05071, 61.98836], [-150.05125, 61.98645], [-150.05878, 61.97562], [-150.06045, 61.9727], [-150.06089, 61.95737], [-150.05901, 61.95366], [-150.05534, 61.947], [-150.05596, 61.94463], [-150.05811, 61.94243], [-150.0746, 61.93307], [-150.07181, 61.92446], [-150.06957, 61.92092], [-150.07674, 61.89689], [-150.0888, 61.88357], [-150.08887, 61.86724], [-150.07475, 61.84493], [-150.07239, 61.82696], [-150.09134, 61.81628], [-150.0967, 61.81062], [-150.09896, 61.80361], [-150.08452, 61.79243], [-150.07178, 61.77781], [-150.06101, 61.75596], [-150.0508, 61.74733], [-150.04437, 61.74282], [-150.03868, 61.73292], [-150.03831, 61.72825], [-150.03869, 61.72058], [-150.02324, 61.71248], [-150.00926, 61.70757], [-149.99354, 61.70035], [-149.98173, 61.69559], [-149.96987, 61.68703], [-149.96793, 61.67943], [-149.96033, 61.67319], [-149.95614, 61.66842], [-149.9339, 61.65827], [-149.92019, 61.65284], [-149.90204, 61.65344], [-149.88633, 61.64973], [-149.87839, 61.64618], [-149.87233, 61.64482], [-149.86643, 61.64347], [-149.86224, 61.64161], [-149.8558, 61.63836], [-149.84511, 61.63484], [-149.83388, 61.63173], [-149.82746, 61.63007], [-149.8253, 61.62981], [-149.82233, 61.62978], [-149.80802, 61.63042], [-149.80501, 61.63012], [-149.80179, 61.62852], [-149.79975, 61.62461], [-149.7963, 61.61767], [-149.79502, 61.61555], [-149.79417, 61.6149], [-149.79302, 61.61432], [-149.79119, 61.61375], [-149.76899, 61.6097], [-149.76442, 61.60874], [-149.76296, 61.60811], [-149.76169, 61.60716], [-149.76108, 61.60621], [-149.7609, 61.6042], [-149.76046, 61.59601], [-149.75917, 61.59439], [-149.75042, 61.58748], [-149.73931, 61.58262], [-149.72622, 61.57661], [-149.71733, 61.57125], [-149.71497, 61.57039], [-149.70425, 61.56879], [-149.69826, 61.56804], [-149.68683, 61.56823], [-149.66971, 61.5714], [-149.65355, 61.57454], [-149.64831, 61.57708], [-149.64316, 61.57981], [-149.63949, 61.58161], [-149.63655, 61.58245], [-149.63501, 61.58262], [-149.63216, 61.58259], [-149.61695, 61.58192], [-149.60295, 61.58129], [-149.58662, 61.58056], [-149.57779, 61.58014], [-149.57601, 61.58009], [-149.57437, 61.58015], [-149.57285, 61.58032], [-149.57157, 61.58055], [-149.57031, 61.58088], [-149.56577, 61.58228], [-149.56451, 61.58259], [-149.56302, 61.58284], [-149.55996, 61.58315], [-149.54901, 61.5842], [-149.54522, 61.58436], [-149.54234, 61.5842], [-149.5396, 61.58381], [-149.53725, 61.58326], [-149.52956, 61.58065], [-149.52532, 61.57929], [-149.52322, 61.57895], [-149.5209, 61.57885], [-149.51178, 61.57905], [-149.50569, 61.57918], [-149.49715, 61.57938], [-149.49574, 61.57937], [-149.49215, 61.57913], [-149.49011, 61.57911], [-149.48857, 61.57918], [-149.4858, 61.57944], [-149.48132, 61.5799], [-149.47656, 61.58043], [-149.46949, 61.58127], [-149.46689, 61.58149], [-149.46566, 61.58168], [-149.46195, 61.58207], [-149.46036, 61.58213], [-149.45896, 61.5821], [-149.45685, 61.58189], [-149.45179, 61.5813], [-149.44986, 61.58108], [-149.44855, 61.58103], [-149.44695, 61.58094], [-149.4436, 61.58091], [-149.43908, 61.58086], [-149.43582, 61.58092], [-149.43325, 61.58089], [-149.43221, 61.58077], [-149.42983, 61.5805], [-149.42643, 61.57996], [-149.41463, 61.57809], [-149.41329, 61.57784], [-149.40978, 61.57695], [-149.40625, 61.576], [-149.40312, 61.57515], [-149.39814, 61.57381], [-149.39569, 61.57308], [-149.39323, 61.57255], [-149.39158, 61.57232], [-149.3881, 61.57201], [-149.38634, 61.57189], [-149.3798, 61.57159], [-149.37187, 61.57119], [-149.36813, 61.571], [-149.36458, 61.57094], [-149.35745, 61.5711], [-149.35251, 61.57083], [-149.33442, 61.56857], [-149.33005, 61.56841], [-149.32193, 61.56876], [-149.31728, 61.56847], [-149.31463, 61.56799], [-149.31315, 61.5676], [-149.31135, 61.56698], [-149.30598, 61.56464], [-149.30356, 61.56384], [-149.30081, 61.56324], [-149.29688, 61.56282], [-149.28297, 61.56278], [-149.26879, 61.56273], [-149.26544, 61.56239], [-149.26218, 61.56169], [-149.25396, 61.55883], [-149.25051, 61.55702], [-149.24887, 61.55551], [-149.24798, 61.55398], [-149.24773, 61.55269], [-149.24789, 61.55152], [-149.24868, 61.54987], [-149.25103, 61.5456], [-149.25207, 61.54234], [-149.25233, 61.54039]]}}, {"type": "Feature", "properties": {"slug": "sterling-highway", "name": "Sterling Highway", "route": "AK-1", "color": "FF43A047", "source": "OpenStreetMap route relation (api.openstreetmap.org), simplified"}, "geometry": {"type": "LineString", "coordinates": [[-151.55136, 59.64177], [-151.55306, 59.64203], [-151.55414, 59.6422], [-151.55664, 59.6425], [-151.55778, 59.64255], [-151.55958, 59.64257], [-151.56067, 59.64256], [-151.56215, 59.64235], [-151.56414, 59.64194], [-151.56595, 59.64177], [-151.57098, 59.64217], [-151.57283, 59.64233], [-151.57922, 59.64286], [-151.58168, 59.6431], [-151.58336, 59.64358], [-151.58903, 59.64612], [-151.59095, 59.64672], [-151.59326, 59.6471], [-151.59719, 59.64769], [-151.60032, 59.64846], [-151.60514, 59.64935], [-151.60911, 59.64978], [-151.611, 59.6501], [-151.61247, 59.65043], [-151.61618, 59.65164], [-151.62012, 59.65339], [-151.62288, 59.65425], [-151.62757, 59.65479], [-151.63139, 59.65678], [-151.63354, 59.65782], [-151.63605, 59.65842], [-151.63751, 59.6585], [-151.63993, 59.6584], [-151.64304, 59.65824], [-151.64569, 59.65811], [-151.64965, 59.65788], [-151.65225, 59.65782], [-151.65392, 59.65813], [-151.6572, 59.65934], [-151.65893, 59.6604], [-151.66133, 59.66256], [-151.66314, 59.66421], [-151.66612, 59.66689], [-151.66934, 59.6692], [-151.66953, 59.66932], [-151.67054, 59.67004], [-151.67238, 59.67109], [-151.67642, 59.6731], [-151.67789, 59.67465], [-151.67952, 59.6784], [-151.6807, 59.68086], [-151.68276, 59.68397], [-151.6834, 59.68602], [-151.68485, 59.68832], [-151.68596, 59.69019], [-151.68674, 59.69252], [-151.68786, 59.69629], [-151.68885, 59.69726], [-151.6917, 59.69855], [-151.69451, 59.70009], [-151.69571, 59.70143], [-151.69607, 59.70301], [-151.69647, 59.70531], [-151.69796, 59.70665], [-151.70053, 59.70826], [-151.70151, 59.71015], [-151.7025, 59.71303], [-151.70371, 59.71463], [-151.70953, 59.71997], [-151.71461, 59.72318], [-151.72183, 59.72763], [-151.7284, 59.73165], [-151.7348, 59.73414], [-151.74011, 59.73591], [-151.74287, 59.73688], [-151.74428, 59.73782], [-151.74795, 59.74108], [-151.75077, 59.74349], [-151.75396, 59.74634], [-151.75536, 59.74756], [-151.75683, 59.7488], [-151.75938, 59.75022], [-151.76151, 59.75098], [-151.76635, 59.75213], [-151.77091, 59.75305], [-151.77813, 59.75457], [-151.78088, 59.75566], [-151.78386, 59.75893], [-151.78725, 59.76061], [-151.7905, 59.76102], [-151.79879, 59.76111], [-151.80421, 59.76111], [-151.81011, 59.76045], [-151.81287, 59.7602], [-151.81532, 59.76047], [-151.81769, 59.7614], [-151.81873, 59.76234], [-151.81927, 59.76837], [-151.81998, 59.76958], [-151.82125, 59.77052], [-151.82575, 59.77219], [-151.82905, 59.77337], [-151.83054, 59.77392], [-151.83172, 59.77459], [-151.83239, 59.77518], [-151.83284, 59.77591], [-151.83305, 59.77766], [-151.83315, 59.77841], [-151.83331, 59.77939], [-151.8335, 59.78079], [-151.83367, 59.78195], [-151.83386, 59.78321], [-151.83395, 59.78391], [-151.83413, 59.78533], [-151.83453, 59.78842], [-151.83516, 59.79292], [-151.83587, 59.79396], [-151.83791, 59.79675], [-151.83953, 59.79899], [-151.84034, 59.80036], [-151.84021, 59.8013], [-151.83819, 59.80336], [-151.83213, 59.80927], [-151.82844, 59.81298], [-151.82713, 59.8158], [-151.8249, 59.82085], [-151.82377, 59.82222], [-151.81963, 59.82577], [-151.81665, 59.82833], [-151.81476, 59.83017], [-151.81456, 59.83111], [-151.81502, 59.83404], [-151.81392, 59.83667], [-151.81202, 59.84027], [-151.81076, 59.84188], [-151.80858, 59.8431], [-151.80517, 59.84434], [-151.79966, 59.8463], [-151.79454, 59.84859], [-151.79047, 59.85157], [-151.78952, 59.85222], [-151.7878, 59.85362], [-151.78711, 59.85504], [-151.78714, 59.85606], [-151.78849, 59.85898], [-151.78949, 59.86263], [-151.79039, 59.86672], [-151.7909, 59.86885], [-151.79147, 59.87175], [-151.79068, 59.87338], [-151.78823, 59.87504], [-151.78755, 59.87568], [-151.78703, 59.87707], [-151.78725, 59.88062], [-151.78708, 59.88148], [-151.78591, 59.88362], [-151.78308, 59.88824], [-151.78126, 59.8896], [-151.77804, 59.89103], [-151.77551, 59.89164], [-151.76906, 59.89252], [-151.76557, 59.89377], [-151.76362, 59.89517], [-151.76171, 59.89708], [-151.76176, 59.89875], [-151.76213, 59.9016], [-151.76211, 59.90258], [-151.76091, 59.90402], [-151.75552, 59.90747], [-151.75441, 59.90953], [-151.75503, 59.91196], [-151.75463, 59.91352], [-151.75144, 59.91635], [-151.74864, 59.91865], [-151.74475, 59.92187], [-151.74343, 59.92295], [-151.74211, 59.92411], [-151.74134, 59.9256], [-151.73993, 59.93], [-151.73624, 59.93967], [-151.73385, 59.9459], [-151.73193, 59.95093], [-151.73124, 59.953], [-151.73071, 59.95536], [-151.7302, 59.9576], [-151.7298, 59.9606], [-151.72972, 59.96247], [-151.72569, 59.97377], [-151.72408, 59.97835], [-151.72298, 59.98195], [-151.7181, 59.99911], [-151.71635, 60.0042], [-151.71289, 60.00851], [-151.71028, 60.01191], [-151.71007, 60.01263], [-151.71005, 60.01538], [-151.70755, 60.01793], [-151.70266, 60.02245], [-151.69959, 60.0253], [-151.69767, 60.02658], [-151.69601, 60.02713], [-151.69225, 60.02773], [-151.68739, 60.02847], [-151.68493, 60.02908], [-151.68298, 60.02989], [-151.68172, 60.03066], [-151.68027, 60.03202], [-151.67872, 60.03486], [-151.67675, 60.0385], [-151.67616, 60.03968], [-151.67542, 60.04112], [-151.67439, 60.04303], [-151.67358, 60.04406], [-151.67261, 60.04471], [-151.67085, 60.04545], [-151.668, 60.04618], [-151.66349, 60.04725], [-151.6598, 60.04766], [-151.65802, 60.04776], [-151.65659, 60.04789], [-151.65504, 60.04834], [-151.65377, 60.0491], [-151.65318, 60.04999], [-151.6514, 60.0541], [-151.65048, 60.05643], [-151.64973, 60.05979], [-151.64927, 60.0609], [-151.6481, 60.06202], [-151.64558, 60.06343], [-151.64271, 60.06632], [-151.6401, 60.06853], [-151.63858, 60.0697], [-151.63617, 60.07238], [-151.6337, 60.07505], [-151.63279, 60.07589], [-151.63057, 60.0773], [-151.62741, 60.0785], [-151.62211, 60.07999], [-151.62018, 60.08073], [-151.61433, 60.08671], [-151.61096, 60.09037], [-151.61042, 60.09095], [-151.6072, 60.09459], [-151.60493, 60.09627], [-151.59476, 60.09916], [-151.5885, 60.10085], [-151.57492, 60.10285], [-151.5708, 60.10358], [-151.56675, 60.10507], [-151.56411, 60.10677], [-151.56271, 60.10855], [-151.56171, 60.11201], [-151.56069, 60.11506], [-151.55808, 60.11691], [-151.5534, 60.11983], [-151.54861, 60.12281], [-151.53929, 60.12868], [-151.53402, 60.13192], [-151.52967, 60.13463], [-151.52664, 60.13616], [-151.52182, 60.1374], [-151.51194, 60.13947], [-151.50828, 60.14085], [-151.50405, 60.143], [-151.50267, 60.14443], [-151.50191, 60.14782], [-151.50036, 60.15048], [-151.49858, 60.15329], [-151.49763, 60.15471], [-151.49501, 60.15652], [-151.49275, 60.15733], [-151.48631, 60.1584], [-151.47922, 60.15983], [-151.47078, 60.16241], [-151.46872, 60.16306], [-151.46519, 60.16416], [-151.45914, 60.16623], [-151.45413, 60.16826], [-151.45096, 60.16953], [-151.44499, 60.17192], [-151.4427, 60.1732], [-151.44071, 60.17501], [-151.437, 60.17921], [-151.43234, 60.18437], [-151.42988, 60.18814], [-151.42936, 60.18973], [-151.42899, 60.19178], [-151.42866, 60.19509], [-151.42838, 60.19866], [-151.42808, 60.20221], [-151.42729, 60.2053], [-151.42532, 60.20691], [-151.42198, 60.20897], [-151.41807, 60.21144], [-151.4161, 60.21347], [-151.40819, 60.22196], [-151.40592, 60.22402], [-151.40196, 60.22612], [-151.39706, 60.22861], [-151.38996, 60.23209], [-151.38453, 60.23377], [-151.38154, 60.23471], [-151.37901, 60.23588], [-151.37377, 60.23927], [-151.37197, 60.24046], [-151.36943, 60.24213], [-151.36415, 60.24557], [-151.35702, 60.2502], [-151.35001, 60.25475], [-151.34701, 60.25636], [-151.34264, 60.25733], [-151.33878, 60.25773], [-151.33688, 60.25823], [-151.33471, 60.25942], [-151.3328, 60.26247], [-151.33189, 60.26425], [-151.32931, 60.26587], [-151.31035, 60.27126], [-151.30691, 60.27274], [-151.30471, 60.27443], [-151.3023, 60.27787], [-151.29952, 60.28063], [-151.29288, 60.28346], [-151.28698, 60.28556], [-151.28508, 60.28624], [-151.28273, 60.28748], [-151.28139, 60.28906], [-151.27547, 60.29685], [-151.27172, 60.30181], [-151.27145, 60.30216], [-151.26843, 60.30619], [-151.26699, 60.30776], [-151.26568, 60.30872], [-151.26015, 60.31276], [-151.25987, 60.31515], [-151.26048, 60.31757], [-151.26058, 60.31794], [-151.26091, 60.31943], [-151.26052, 60.32079], [-151.25851, 60.32268], [-151.2539, 60.32569], [-151.24941, 60.32857], [-151.24449, 60.33172], [-151.23622, 60.3371], [-151.23334, 60.33922], [-151.23128, 60.34032], [-151.22797, 60.34139], [-151.22577, 60.34225], [-151.22382, 60.34367], [-151.22179, 60.347], [-151.22008, 60.34926], [-151.21821, 60.35046], [-151.21383, 60.35285], [-151.20656, 60.35699], [-151.20353, 60.35909], [-151.20107, 60.36109], [-151.197, 60.36511], [-151.19492, 60.36733], [-151.19232, 60.3701], [-151.19167, 60.37125], [-151.19161, 60.37266], [-151.1923, 60.37394], [-151.19353, 60.37602], [-151.1935, 60.37731], [-151.19271, 60.37874], [-151.19015, 60.38144], [-151.18812, 60.38308], [-151.18368, 60.38568], [-151.17593, 60.39038], [-151.17394, 60.39219], [-151.17054, 60.39576], [-151.16568, 60.40099], [-151.16517, 60.40244], [-151.16462, 60.40509], [-151.16375, 60.40637], [-151.16145, 60.40853], [-151.15558, 60.41372], [-151.1509, 60.41782], [-151.14375, 60.42329], [-151.13544, 60.42767], [-151.1293, 60.43185], [-151.12223, 60.43782], [-151.11293, 60.44579], [-151.11082, 60.44753], [-151.10686, 60.4503], [-151.1017, 60.4538], [-151.09775, 60.45716], [-151.08787, 60.4704], [-151.08664, 60.47209], [-151.08421, 60.47513], [-151.08339, 60.47572], [-151.08087, 60.47713], [-151.07975, 60.47777], [-151.07337, 60.48123], [-151.0708, 60.48259], [-151.06924, 60.48313], [-151.06652, 60.48371], [-151.06521, 60.48395], [-151.0644, 60.4841], [-151.06301, 60.48435], [-151.06037, 60.48481], [-151.0587, 60.4854], [-151.0581, 60.48589], [-151.05732, 60.48643], [-151.0571, 60.48658], [-151.05592, 60.48739], [-151.05626, 60.48697], [-151.05705, 60.4864], [-151.05843, 60.48556], [-151.05532, 60.4878], [-151.05347, 60.48908], [-151.04992, 60.4916], [-151.04854, 60.49252], [-151.04695, 60.49325], [-151.04463, 60.49393], [-151.0422, 60.49442], [-151.03861, 60.49506], [-151.03285, 60.49611], [-151.0264, 60.49717], [-151.01368, 60.49858], [-151.00622, 60.49974], [-150.99691, 60.50075], [-150.9918, 60.50106], [-150.98867, 60.5012], [-150.98446, 60.50141], [-150.98074, 60.50162], [-150.97262, 60.50225], [-150.95652, 60.50402], [-150.95525, 60.50417], [-150.93476, 60.50644], [-150.92282, 60.50785], [-150.91963, 60.50841], [-150.91479, 60.50957], [-150.91191, 60.51029], [-150.90912, 60.51099], [-150.90465, 60.51212], [-150.89809, 60.51382], [-150.8916, 60.5168], [-150.88707, 60.51894], [-150.87835, 60.52314], [-150.87055, 60.52691], [-150.8665, 60.53008], [-150.86021, 60.5332], [-150.85382, 60.53605], [-150.85049, 60.53662], [-150.84242, 60.53715], [-150.83544, 60.53716], [-150.82376, 60.5372], [-150.81369, 60.53722], [-150.80839, 60.53722], [-150.80691, 60.53719], [-150.80256, 60.53678], [-150.79674, 60.53621], [-150.79293, 60.5359], [-150.78922, 60.536], [-150.78347, 60.53652], [-150.77891, 60.53695], [-150.77405, 60.53737], [-150.77242, 60.53739], [-150.76293, 60.53741], [-150.75798, 60.537], [-150.75442, 60.53653], [-150.74615, 60.5353], [-150.7436, 60.5349], [-150.74147, 60.53439], [-150.73775, 60.53271], [-150.73449, 60.53092], [-150.72839, 60.52749], [-150.72495, 60.52629], [-150.72109, 60.52576], [-150.71717, 60.52541], [-150.71125, 60.525], [-150.70947, 60.52503], [-150.69388, 60.52646], [-150.68413, 60.52712], [-150.67736, 60.52681], [-150.66276, 60.52682], [-150.65043, 60.52674], [-150.64144, 60.52557], [-150.63032, 60.52466], [-150.6235, 60.52472], [-150.60557, 60.52475], [-150.58069, 60.52534], [-150.56627, 60.52577], [-150.56027, 60.52575], [-150.54381, 60.52365], [-150.53903, 60.524], [-150.51675, 60.5301], [-150.50671, 60.53287], [-150.50082, 60.5345], [-150.49555, 60.53497], [-150.46904, 60.53168], [-150.46186, 60.53088], [-150.45665, 60.53093], [-150.40107, 60.53204], [-150.38846, 60.53023], [-150.36659, 60.52884], [-150.34272, 60.52745], [-150.30897, 60.52552], [-150.28066, 60.52382], [-150.27471, 60.52301], [-150.27183, 60.523], [-150.26889, 60.52353], [-150.25906, 60.52636], [-150.25507, 60.52687], [-150.2393, 60.52755], [-150.22968, 60.52717], [-150.21721, 60.52471], [-150.20845, 60.52366], [-150.20374, 60.52367], [-150.19858, 60.52355], [-150.18956, 60.5194], [-150.18008, 60.51463], [-150.17676, 60.51265], [-150.16996, 60.50645], [-150.16494, 60.50298], [-150.16341, 60.49983], [-150.16286, 60.49874], [-150.16181, 60.49772], [-150.1579, 60.49608], [-150.14889, 60.49333], [-150.12406, 60.4877], [-150.11133, 60.48488], [-150.10803, 60.48457], [-150.09762, 60.48417], [-150.09337, 60.48443], [-150.08561, 60.48549], [-150.08025, 60.48502], [-150.07133, 60.48511], [-150.06508, 60.48503], [-150.05676, 60.48503], [-150.04942, 60.48587], [-150.04205, 60.48674], [-150.02814, 60.48774], [-150.01945, 60.48836], [-150.01422, 60.48758], [-150.00203, 60.48735], [-149.99467, 60.48691], [-149.98974, 60.48695], [-149.98568, 60.48724], [-149.97955, 60.48817], [-149.97865, 60.48818], [-149.97736, 60.48808], [-149.97182, 60.48734], [-149.96532, 60.48644], [-149.96257, 60.48553], [-149.95925, 60.48419], [-149.95534, 60.48354], [-149.95395, 60.48353], [-149.94957, 60.48392], [-149.94833, 60.48402], [-149.94673, 60.48399], [-149.94191, 60.48346], [-149.9397, 60.48322], [-149.93343, 60.48235], [-149.93111, 60.48136], [-149.92979, 60.48102], [-149.92675, 60.48131], [-149.92263, 60.48171], [-149.91951, 60.48208], [-149.9143, 60.48315], [-149.90746, 60.48349], [-149.90252, 60.48345], [-149.89937, 60.48328], [-149.89503, 60.48343], [-149.88996, 60.48363], [-149.88608, 60.4838], [-149.88451, 60.48386], [-149.88105, 60.48406], [-149.88057, 60.48412], [-149.87835, 60.48487], [-149.87523, 60.48677], [-149.87389, 60.48707], [-149.87275, 60.48702], [-149.8689, 60.48629], [-149.86641, 60.48609], [-149.86261, 60.48622], [-149.85855, 60.48651], [-149.85714, 60.48634], [-149.85478, 60.4853], [-149.85298, 60.48541], [-149.84962, 60.48655], [-149.84741, 60.48714], [-149.8447, 60.48715], [-149.83948, 60.48775], [-149.83524, 60.48832], [-149.83222, 60.48919], [-149.82919, 60.48977], [-149.82255, 60.49007], [-149.81378, 60.49041], [-149.81194, 60.49091], [-149.81084, 60.49163], [-149.80833, 60.49351], [-149.80722, 60.49402], [-149.80623, 60.49423], [-149.80522, 60.49429], [-149.80266, 60.49409], [-149.80066, 60.49393], [-149.79899, 60.49383], [-149.79644, 60.49396], [-149.79026, 60.49462], [-149.78641, 60.49507], [-149.78325, 60.49503], [-149.77902, 60.49446], [-149.77644, 60.49479], [-149.77365, 60.49535], [-149.77071, 60.49544], [-149.76561, 60.49541], [-149.76114, 60.49499], [-149.75729, 60.49414], [-149.75257, 60.49268], [-149.74746, 60.49092], [-149.74615, 60.48993], [-149.74416, 60.48935], [-149.74157, 60.48912], [-149.73872, 60.48777], [-149.73589, 60.48684], [-149.73391, 60.48599], [-149.73192, 60.48579], [-149.73012, 60.48594], [-149.72801, 60.48645], [-149.7259, 60.48701], [-149.71519, 60.48985], [-149.71278, 60.49049], [-149.70646, 60.49229], [-149.70018, 60.49409], [-149.69604, 60.4963], [-149.69175, 60.49971], [-149.68974, 60.50217], [-149.68913, 60.50328], [-149.68805, 60.50622], [-149.68553, 60.50806], [-149.68385, 60.51], [-149.67233, 60.51763], [-149.66552, 60.51983], [-149.65894, 60.52271], [-149.65587, 60.52397], [-149.65371, 60.52439], [-149.65118, 60.52448], [-149.65012, 60.52446], [-149.63558, 60.52404], [-149.62765, 60.52379], [-149.62398, 60.52401], [-149.62043, 60.52442], [-149.61653, 60.5249], [-149.61566, 60.525], [-149.61265, 60.52523], [-149.61035, 60.52503], [-149.60775, 60.52464], [-149.60534, 60.52479], [-149.59892, 60.52678], [-149.59486, 60.52884], [-149.59276, 60.52987], [-149.58913, 60.53083], [-149.57772, 60.53266], [-149.57387, 60.53315], [-149.57063, 60.53331], [-149.56803, 60.53319], [-149.56526, 60.53227], [-149.56209, 60.53138], [-149.56036, 60.53126], [-149.55889, 60.53137], [-149.54359, 60.53456], [-149.54386, 60.53438], [-149.54506, 60.53431], [-149.5497, 60.53429], [-149.55204, 60.5339], [-149.55391, 60.53323], [-149.55651, 60.53191], [-149.55838, 60.53144], [-149.55889, 60.53137]]}}, {"type": "Feature", "properties": {"slug": "richardson-highway", "name": "Richardson Highway", "route": "AK-2 / AK-4", "color": "FF1E88E5", "source": "OpenStreetMap route relation (api.openstreetmap.org), simplified"}, "geometry": {"type": "LineString", "coordinates": [[-147.12456, 64.68319], [-147.13253, 64.69139], [-147.14657, 64.7039], [-147.19304, 64.71503], [-147.22505, 64.71995], [-147.2449, 64.72267], [-147.25266, 64.72463], [-147.2641, 64.72834], [-147.28614, 64.73545], [-147.31455, 64.74488], [-147.33792, 64.75346], [-147.3538, 64.75943], [-147.36596, 64.76359], [-147.37768, 64.76501], [-147.3926, 64.76557], [-147.40321, 64.76738], [-147.41973, 64.76894], [-147.45069, 64.7727], [-147.47323, 64.77564], [-147.49909, 64.78251], [-147.55415, 64.80083], [-147.58566, 64.81065], [-147.59378, 64.81242], [-147.60512, 64.81349], [-147.64336, 64.81586], [-147.65689, 64.81674], [-147.6688, 64.81967], [-147.67318, 64.82032], [-147.67822, 64.82049], [-147.70659, 64.82124], [-147.71039, 64.82515], [-147.7094, 64.8328], [-147.70718, 64.83466], [-147.70612, 64.83556], [-147.70512, 64.83973], [-147.70418, 64.84393], [-147.70069, 64.84681], [-147.69659, 64.84909], [-147.68894, 64.85142], [-147.68454, 64.85275], [-147.67862, 64.85489], [-147.67654, 64.85753], [-147.67663, 64.85957], [-147.67689, 64.86485], [-147.67471, 64.86774], [-147.67021, 64.87055], [-147.66399, 64.87584], [-147.65937, 64.87984], [-147.65127, 64.88226], [-147.63453, 64.88343], [-147.62905, 64.88469], [-147.62249, 64.88837], [-147.61104, 64.89517], [-147.59628, 64.90299], [-147.59275, 64.90617], [-147.59248, 64.91071], [-147.60156, 64.91657], [-147.61808, 64.92385], [-147.61455, 64.92263], [-147.59696, 64.91469], [-147.5918, 64.90962], [-147.59314, 64.90506], [-147.59843, 64.90162], [-147.60927, 64.89589], [-147.61763, 64.89108], [-147.62273, 64.88806], [-147.6289, 64.88462], [-147.63537, 64.88326], [-147.64916, 64.88243], [-147.657, 64.88074], [-147.66221, 64.87756], [-147.66847, 64.8713], [-147.67445, 64.86762], [-147.6764, 64.86462], [-147.6761, 64.85812], [-147.67681, 64.85601], [-147.6811, 64.85353], [-147.68999, 64.85096], [-147.69618, 64.84909], [-147.7006, 64.84662], [-147.70423, 64.84351], [-147.7051, 64.8367], [-147.7067, 64.83456], [-147.70816, 64.83344], [-147.70996, 64.82997], [-147.70994, 64.82395], [-147.70441, 64.82093], [-147.69964, 64.82065], [-147.6766, 64.82066], [-147.67172, 64.82035], [-147.65896, 64.81792], [-147.65197, 64.81663], [-147.63249, 64.81536], [-147.61245, 64.81413], [-147.59324, 64.81255], [-147.58309, 64.81005], [-147.56329, 64.80391], [-147.52338, 64.7915], [-147.50418, 64.78448], [-147.47804, 64.77727], [-147.45995, 64.77373], [-147.42493, 64.76997], [-147.39799, 64.76692], [-147.37741, 64.76525], [-147.36324, 64.76313], [-147.35091, 64.75852], [-147.33164, 64.75146], [-147.30415, 64.74161], [-147.279, 64.73349], [-147.25748, 64.7265], [-147.24508, 64.72301], [-147.23157, 64.721], [-147.21381, 64.71884], [-147.20352, 64.71726], [-147.174, 64.71164], [-147.14335, 64.7031], [-147.13797, 64.69882], [-147.12843, 64.68746], [-147.11811, 64.67616], [-147.10027, 64.65853], [-147.06818, 64.62472], [-147.06154, 64.59987], [-147.04553, 64.57484], [-147.03001, 64.55253], [-147.0207, 64.53994], [-147.01868, 64.53494], [-147.01062, 64.53164], [-146.99419, 64.52838], [-146.98432, 64.52163], [-146.9746, 64.51561], [-146.97087, 64.51297], [-146.97058, 64.50823], [-146.97254, 64.49676], [-146.9755, 64.48627], [-146.98068, 64.47917], [-146.97494, 64.47513], [-146.96244, 64.47097], [-146.95309, 64.47046], [-146.93988, 64.47014], [-146.92773, 64.46854], [-146.92126, 64.46427], [-146.91044, 64.44821], [-146.89623, 64.42669], [-146.90492, 64.41695], [-146.9176, 64.40782], [-146.91811, 64.40048], [-146.91165, 64.39256], [-146.89918, 64.38743], [-146.88132, 64.37214], [-146.86572, 64.35498], [-146.87201, 64.34693], [-146.86349, 64.33973], [-146.85498, 64.33745], [-146.84421, 64.34006], [-146.8358, 64.3401], [-146.82509, 64.33752], [-146.81301, 64.33755], [-146.78547, 64.33298], [-146.74188, 64.32698], [-146.70577, 64.318], [-146.69025, 64.31495], [-146.67425, 64.30587], [-146.6649, 64.3043], [-146.64903, 64.30857], [-146.64228, 64.3099], [-146.57959, 64.31323], [-146.53964, 64.31164], [-146.51212, 64.30608], [-146.4896, 64.29736], [-146.4816, 64.28952], [-146.47276, 64.28826], [-146.44592, 64.29056], [-146.42636, 64.29099], [-146.39105, 64.2902], [-146.37399, 64.29114], [-146.34324, 64.28592], [-146.33299, 64.28213], [-146.31589, 64.28041], [-146.30617, 64.28286], [-146.28966, 64.28557], [-146.2731, 64.28233], [-146.2368, 64.27569], [-146.19434, 64.26484], [-146.16511, 64.25682], [-146.11895, 64.25881], [-146.10153, 64.26076], [-146.07314, 64.25254], [-146.01841, 64.23031], [-146.00547, 64.22222], [-145.98845, 64.21743], [-145.94626, 64.20775], [-145.92982, 64.20166], [-145.90046, 64.19288], [-145.88501, 64.18242], [-145.87298, 64.16863], [-145.86108, 64.16262], [-145.85568, 64.15951], [-145.84735, 64.1546], [-145.83156, 64.14741], [-145.81518, 64.14007], [-145.80244, 64.13369], [-145.78309, 64.1178], [-145.76584, 64.1035], [-145.76072, 64.09593], [-145.75496, 64.08614], [-145.74981, 64.07735], [-145.74599, 64.0707], [-145.7376, 64.06162], [-145.73558, 64.05564], [-145.73835, 64.04951], [-145.73236, 64.03628], [-145.73249, 64.03694], [-145.73128, 64.03368], [-145.7299, 64.03022], [-145.72645, 64.02795], [-145.72499, 64.02455], [-145.72655, 64.02062], [-145.73705, 64.00354], [-145.74053, 63.98433], [-145.74408, 63.97757], [-145.76296, 63.95883], [-145.78114, 63.92208], [-145.78126, 63.89848], [-145.77626, 63.88269], [-145.73873, 63.85636], [-145.7407, 63.83438], [-145.75418, 63.78108], [-145.75701, 63.77727], [-145.78154, 63.76334], [-145.79967, 63.76275], [-145.81001, 63.75878], [-145.82665, 63.75083], [-145.84132, 63.74677], [-145.85565, 63.74242], [-145.85737, 63.73356], [-145.86492, 63.72344], [-145.86439, 63.7195], [-145.8661, 63.71304], [-145.87349, 63.70646], [-145.88073, 63.70362], [-145.88319, 63.6968], [-145.89168, 63.69256], [-145.88573, 63.6812], [-145.88245, 63.67582], [-145.88708, 63.66955], [-145.89276, 63.65721], [-145.89089, 63.63293], [-145.88935, 63.63033], [-145.86752, 63.61822], [-145.86442, 63.61289], [-145.87082, 63.60782], [-145.87315, 63.59711], [-145.86654, 63.58141], [-145.86932, 63.57736], [-145.86618, 63.5719], [-145.86037, 63.56316], [-145.8618, 63.54434], [-145.86403, 63.53891], [-145.86088, 63.53258], [-145.85362, 63.52306], [-145.85587, 63.51689], [-145.85776, 63.51394], [-145.86046, 63.50506], [-145.86008, 63.49656], [-145.85986, 63.49297], [-145.85591, 63.4847], [-145.85386, 63.47956], [-145.84506, 63.46948], [-145.82629, 63.45992], [-145.80492, 63.44663], [-145.79575, 63.44166], [-145.78227, 63.43506], [-145.77684, 63.43151], [-145.75925, 63.4241], [-145.75148, 63.41777], [-145.736, 63.40411], [-145.73443, 63.39991], [-145.73472, 63.39582], [-145.72902, 63.38828], [-145.73114, 63.38327], [-145.73221, 63.37624], [-145.72986, 63.36939], [-145.7284, 63.35766], [-145.73048, 63.34738], [-145.73222, 63.34442], [-145.73435, 63.33854], [-145.73712, 63.33422], [-145.73304, 63.33026], [-145.72957, 63.32619], [-145.72554, 63.31875], [-145.72261, 63.31501], [-145.72423, 63.31244], [-145.71337, 63.30866], [-145.7008, 63.30849], [-145.68621, 63.3097], [-145.67628, 63.29925], [-145.66312, 63.28889], [-145.65995, 63.28456], [-145.6565, 63.27803], [-145.6628, 63.27349], [-145.68237, 63.26826], [-145.6864, 63.25314], [-145.68504, 63.24927], [-145.66253, 63.23078], [-145.65202, 63.22403], [-145.64244, 63.21431], [-145.63531, 63.20977], [-145.60084, 63.20384], [-145.59496, 63.20102], [-145.584, 63.19746], [-145.56964, 63.19192], [-145.55419, 63.18933], [-145.54203, 63.18437], [-145.5319, 63.17162], [-145.53295, 63.16865], [-145.52824, 63.1573], [-145.53709, 63.15214], [-145.543, 63.14993], [-145.5445, 63.14796], [-145.53739, 63.14421], [-145.53024, 63.14164], [-145.52214, 63.14046], [-145.51106, 63.13645], [-145.5034, 63.13219], [-145.49312, 63.12626], [-145.49312, 63.1228], [-145.49549, 63.11997], [-145.49183, 63.11773], [-145.48868, 63.1128], [-145.4928, 63.10673], [-145.49077, 63.10209], [-145.49296, 63.09905], [-145.50054, 63.0897], [-145.51165, 63.07907], [-145.51181, 63.06185], [-145.49978, 63.05441], [-145.49447, 63.03781], [-145.49596, 63.03089], [-145.49507, 63.02585], [-145.49038, 63.01322], [-145.49241, 63.00667], [-145.49249, 63.00262], [-145.49444, 62.99822], [-145.5022, 62.98837], [-145.50315, 62.98045], [-145.50726, 62.97556], [-145.51061, 62.97212], [-145.51082, 62.96634], [-145.51052, 62.96139], [-145.51026, 62.95835], [-145.5107, 62.95501], [-145.51316, 62.94996], [-145.51539, 62.94688], [-145.51321, 62.94281], [-145.51093, 62.93738], [-145.50679, 62.93328], [-145.50624, 62.92956], [-145.5069, 62.92653], [-145.49858, 62.92067], [-145.49065, 62.91748], [-145.48701, 62.90483], [-145.48603, 62.88332], [-145.48192, 62.88068], [-145.47588, 62.86691], [-145.47806, 62.86385], [-145.47662, 62.85941], [-145.47186, 62.85363], [-145.47213, 62.84952], [-145.47182, 62.84319], [-145.47592, 62.83516], [-145.48168, 62.833], [-145.48383, 62.83059], [-145.48507, 62.82665], [-145.49547, 62.81828], [-145.49713, 62.81382], [-145.49806, 62.80782], [-145.49352, 62.80248], [-145.47786, 62.79452], [-145.47216, 62.78817], [-145.46623, 62.77096], [-145.46362, 62.76172], [-145.45649, 62.75363], [-145.45263, 62.74908], [-145.44722, 62.74553], [-145.44025, 62.74188], [-145.43665, 62.73083], [-145.43331, 62.71456], [-145.43984, 62.7058], [-145.44433, 62.69921], [-145.44713, 62.69676], [-145.44997, 62.69447], [-145.45078, 62.68751], [-145.45271, 62.68142], [-145.45848, 62.67876], [-145.47591, 62.67031], [-145.48489, 62.66278], [-145.48317, 62.6482], [-145.47535, 62.64006], [-145.47257, 62.6344], [-145.45779, 62.62799], [-145.44466, 62.61998], [-145.44327, 62.61579], [-145.45019, 62.60413], [-145.48579, 62.57858], [-145.48953, 62.57383], [-145.49546, 62.5665], [-145.49526, 62.56139], [-145.50057, 62.55486], [-145.51008, 62.54647], [-145.51226, 62.53941], [-145.51713, 62.53329], [-145.5152, 62.52755], [-145.51584, 62.52016], [-145.51522, 62.51631], [-145.50374, 62.50744], [-145.49916, 62.50284], [-145.48457, 62.49879], [-145.4785, 62.49452], [-145.46359, 62.48804], [-145.44049, 62.48366], [-145.42839, 62.47473], [-145.42492, 62.46577], [-145.41779, 62.46034], [-145.41486, 62.45733], [-145.41348, 62.44457], [-145.41489, 62.43669], [-145.41107, 62.43112], [-145.4094, 62.42522], [-145.40185, 62.41972], [-145.38664, 62.41509], [-145.38186, 62.41183], [-145.37749, 62.39905], [-145.37212, 62.39575], [-145.36984, 62.3935], [-145.3655, 62.38847], [-145.36078, 62.38059], [-145.36529, 62.37265], [-145.36805, 62.3676], [-145.37368, 62.36248], [-145.36745, 62.35119], [-145.3673, 62.34097], [-145.36216, 62.33377], [-145.35775, 62.3302], [-145.35257, 62.32065], [-145.35062, 62.31707], [-145.34437, 62.31367], [-145.34394, 62.31086], [-145.35078, 62.30444], [-145.35226, 62.29629], [-145.35317, 62.28821], [-145.35616, 62.28478], [-145.37287, 62.27342], [-145.38093, 62.27027], [-145.3938, 62.26827], [-145.41033, 62.26526], [-145.42114, 62.25834], [-145.43326, 62.24412], [-145.44017, 62.2241], [-145.44209, 62.20421], [-145.44962, 62.19001], [-145.45847, 62.16629], [-145.46487, 62.15716], [-145.47811, 62.14562], [-145.47808, 62.13718], [-145.47759, 62.12229], [-145.47616, 62.10992], [-145.47299, 62.10552], [-145.43913, 62.08431], [-145.43533, 62.07703], [-145.43246, 62.06741], [-145.4268, 62.05803], [-145.42925, 62.05225], [-145.43456, 62.0395], [-145.40488, 62.0304], [-145.39148, 62.0246], [-145.36294, 62.01552], [-145.35786, 62.01147], [-145.35673, 61.98855], [-145.33337, 61.96004], [-145.3179, 61.95082], [-145.31045, 61.94588], [-145.30791, 61.93285], [-145.29908, 61.91794], [-145.2854, 61.90976], [-145.27048, 61.89335], [-145.24824, 61.86505], [-145.23972, 61.8554], [-145.22921, 61.84117], [-145.21469, 61.81444], [-145.20924, 61.80967], [-145.19045, 61.79993], [-145.19154, 61.7911], [-145.18972, 61.78599], [-145.16034, 61.76459], [-145.15621, 61.75641], [-145.1565, 61.74387], [-145.16102, 61.72981], [-145.16334, 61.71748], [-145.16234, 61.70869], [-145.16624, 61.70489], [-145.17161, 61.69943], [-145.17, 61.6886], [-145.16663, 61.67456], [-145.1716, 61.66997], [-145.18027, 61.66489], [-145.18509, 61.65748], [-145.1905, 61.64665], [-145.19312, 61.63999], [-145.19895, 61.63167], [-145.20862, 61.62144], [-145.21315, 61.60764], [-145.22216, 61.5919], [-145.22917, 61.57848], [-145.23699, 61.56296], [-145.23761, 61.54719], [-145.23565, 61.52845], [-145.22738, 61.51816], [-145.21414, 61.50949], [-145.18276, 61.49252], [-145.15965, 61.48584], [-145.14825, 61.47611], [-145.13872, 61.46951], [-145.1226, 61.46064], [-145.11215, 61.44777], [-145.1122, 61.44096], [-145.1215, 61.43328], [-145.14469, 61.42214], [-145.17777, 61.40681], [-145.19277, 61.39978], [-145.21777, 61.39095], [-145.22751, 61.38761], [-145.23491, 61.38452], [-145.25791, 61.37671], [-145.27626, 61.36547], [-145.30212, 61.35098], [-145.31088, 61.33433], [-145.31246, 61.32475], [-145.30744, 61.32096], [-145.28598, 61.3123], [-145.27513, 61.30332], [-145.27215, 61.28494], [-145.27574, 61.27603], [-145.28327, 61.26718], [-145.28327, 61.25911], [-145.28398, 61.25575], [-145.29289, 61.25106], [-145.30722, 61.24821], [-145.33715, 61.24517], [-145.36108, 61.23517], [-145.37042, 61.22666], [-145.38424, 61.21286], [-145.42192, 61.20764], [-145.44259, 61.20776], [-145.46847, 61.20873], [-145.47906, 61.2088], [-145.50325, 61.20573], [-145.53346, 61.20279], [-145.55071, 61.19997], [-145.55628, 61.19679], [-145.58324, 61.19212], [-145.62057, 61.18821], [-145.62821, 61.18496], [-145.6443, 61.18347], [-145.64958, 61.18048], [-145.66671, 61.17811], [-145.68305, 61.17692], [-145.69505, 61.1724], [-145.70963, 61.15917], [-145.71735, 61.15342], [-145.72529, 61.14944], [-145.72918, 61.14747], [-145.73696, 61.14604], [-145.74326, 61.14351], [-145.74568, 61.14107], [-145.74586, 61.13857], [-145.74417, 61.13637], [-145.73585, 61.13133], [-145.73235, 61.12863], [-145.72649, 61.12606], [-145.72172, 61.12508], [-145.71197, 61.12484], [-145.7025, 61.12383], [-145.68944, 61.12457], [-145.67408, 61.12556], [-145.67062, 61.12377], [-145.67055, 61.12173], [-145.67382, 61.11992], [-145.69126, 61.11829], [-145.70703, 61.11658], [-145.72498, 61.11457], [-145.74557, 61.11634], [-145.76609, 61.11796], [-145.77207, 61.11779], [-145.78466, 61.11629], [-145.81131, 61.11224], [-145.81832, 61.11068], [-145.83641, 61.10466], [-145.85798, 61.09968], [-145.86961, 61.09545], [-145.88502, 61.09409], [-145.88914, 61.09222], [-145.88933, 61.08969], [-145.88982, 61.08733], [-145.89423, 61.08555], [-145.89498, 61.08293], [-145.89947, 61.07812], [-145.89897, 61.0757], [-145.90046, 61.06852], [-145.90787, 61.06687], [-145.9097, 61.06495], [-145.91346, 61.06006], [-145.92154, 61.05783], [-145.95043, 61.06136], [-145.99922, 61.0624], [-146.01712, 61.06354], [-146.03118, 61.06627], [-146.04042, 61.06767], [-146.06155, 61.06714], [-146.07538, 61.06853], [-146.10878, 61.07338], [-146.12123, 61.07487], [-146.1319, 61.07376], [-146.15124, 61.07655], [-146.1741, 61.07865], [-146.19546, 61.08747], [-146.20541, 61.09283], [-146.22287, 61.10221], [-146.24997, 61.11677], [-146.26699, 61.12499], [-146.28654, 61.1335], [-146.30829, 61.13756], [-146.32306, 61.13808], [-146.33362, 61.1378], [-146.33661, 61.13674], [-146.34295, 61.132], [-146.3463, 61.12972], [-146.35002, 61.12914]]}}, {"type": "Feature", "properties": {"slug": "alaska-highway", "name": "Alaska Highway", "route": "AK-2", "color": "FFD81B60", "source": "OpenStreetMap route relation (api.openstreetmap.org), simplified"}, "geometry": {"type": "LineString", "coordinates": [[-145.7113, 64.03214], [-145.70067, 64.02926], [-145.69022, 64.02647], [-145.67797, 64.02318], [-145.66996, 64.02105], [-145.65085, 64.01491], [-145.63308, 64.00912], [-145.61756, 64.00409], [-145.6028, 63.99928], [-145.58701, 63.99416], [-145.57824, 63.99129], [-145.57325, 63.98966], [-145.56309, 63.98636], [-145.55888, 63.98528], [-145.55409, 63.98469], [-145.55135, 63.98443], [-145.54544, 63.98379], [-145.54243, 63.98314], [-145.52681, 63.97894], [-145.51322, 63.97524], [-145.48581, 63.96786], [-145.45224, 63.95882], [-145.42264, 63.95075], [-145.40577, 63.9462], [-145.37801, 63.93861], [-145.36737, 63.93574], [-145.34757, 63.93033], [-145.30027, 63.91743], [-145.29219, 63.91522], [-145.27523, 63.91057], [-145.23925, 63.90067], [-145.23614, 63.89986], [-145.23245, 63.89884], [-145.22945, 63.89801], [-145.22134, 63.89578], [-145.20761, 63.89202], [-145.18056, 63.88468], [-145.13892, 63.87324], [-145.10928, 63.86508], [-145.09675, 63.86162], [-145.06108, 63.85297], [-144.92887, 63.8206], [-144.91438, 63.81708], [-144.90588, 63.815], [-144.83541, 63.79767], [-144.79401, 63.7875], [-144.79284, 63.78721], [-144.73224, 63.77235], [-144.70012, 63.76375], [-144.69739, 63.76131], [-144.69549, 63.75765], [-144.69006, 63.74694], [-144.68645, 63.7433], [-144.67092, 63.73258], [-144.65683, 63.71701], [-144.65217, 63.71171], [-144.64645, 63.70662], [-144.64067, 63.70328], [-144.63859, 63.70194], [-144.63286, 63.6999], [-144.61775, 63.69644], [-144.60295, 63.69343], [-144.5918, 63.69215], [-144.5759, 63.69165], [-144.57293, 63.69165], [-144.56655, 63.69128], [-144.5508, 63.68541], [-144.54302, 63.68523], [-144.53564, 63.68691], [-144.52091, 63.68659], [-144.51097, 63.68754], [-144.48381, 63.68921], [-144.47046, 63.6869], [-144.46351, 63.68729], [-144.4176, 63.68918], [-144.38893, 63.6897], [-144.36998, 63.6922], [-144.36966, 63.69224], [-144.35745, 63.69387], [-144.33668, 63.69429], [-144.33053, 63.69453], [-144.31136, 63.69554], [-144.30086, 63.69465], [-144.18431, 63.68326], [-144.16641, 63.68109], [-144.15407, 63.67675], [-144.14938, 63.6759], [-144.13024, 63.67481], [-144.12322, 63.67577], [-144.09692, 63.67387], [-144.09197, 63.67324], [-144.08932, 63.67203], [-144.08552, 63.66732], [-144.08367, 63.66601], [-144.08307, 63.66559], [-144.07702, 63.66317], [-144.07267, 63.66215], [-144.06943, 63.66138], [-144.06634, 63.66031], [-144.06056, 63.6573], [-144.05553, 63.65447], [-144.05268, 63.6529], [-144.04165, 63.64662], [-143.98648, 63.61518], [-143.92506, 63.58047], [-143.89266, 63.56347], [-143.84942, 63.52928], [-143.82489, 63.5097], [-143.8238, 63.50671], [-143.82731, 63.50264], [-143.83685, 63.49479], [-143.83772, 63.49373], [-143.83748, 63.49045], [-143.8356, 63.47952], [-143.83865, 63.47319], [-143.84485, 63.46744], [-143.84642, 63.46403], [-143.84569, 63.46044], [-143.8282, 63.43943], [-143.8183, 63.42769], [-143.81587, 63.42495], [-143.79316, 63.3981], [-143.79127, 63.39643], [-143.7889, 63.39499], [-143.78485, 63.39327], [-143.77467, 63.39021], [-143.76859, 63.38858], [-143.76339, 63.388], [-143.74163, 63.38632], [-143.73629, 63.38591], [-143.72603, 63.38512], [-143.72219, 63.38516], [-143.70569, 63.38597], [-143.65966, 63.38848], [-143.63755, 63.38969], [-143.63342, 63.38985], [-143.62862, 63.38977], [-143.62412, 63.38942], [-143.61901, 63.38868], [-143.61643, 63.38814], [-143.60741, 63.38575], [-143.59545, 63.3824], [-143.58842, 63.38042], [-143.5781, 63.37788], [-143.57357, 63.37699], [-143.55274, 63.37428], [-143.53759, 63.37193], [-143.52229, 63.36561], [-143.4994, 63.36129], [-143.4897, 63.36035], [-143.47169, 63.36267], [-143.41238, 63.3633], [-143.38627, 63.36311], [-143.36995, 63.36271], [-143.36524, 63.36249], [-143.3523, 63.36161], [-143.32115, 63.35947], [-143.25623, 63.355], [-143.22781, 63.35298], [-143.19522, 63.35069], [-143.17199, 63.34906], [-143.10013, 63.34396], [-142.92413, 63.33137], [-142.83678, 63.32501], [-142.83474, 63.32486], [-142.81034, 63.32309], [-142.78612, 63.32136], [-142.69201, 63.31451], [-142.6871, 63.31449], [-142.65679, 63.3161], [-142.64967, 63.3168], [-142.64422, 63.31747], [-142.63592, 63.31881], [-142.63046, 63.31976], [-142.62609, 63.31988], [-142.62277, 63.31958], [-142.61414, 63.31837], [-142.6114, 63.31712], [-142.6099, 63.31558], [-142.60784, 63.31388], [-142.60587, 63.31278], [-142.60268, 63.31144], [-142.59793, 63.30944], [-142.58441, 63.3019], [-142.5826, 63.30104], [-142.58059, 63.30035], [-142.56961, 63.29769], [-142.56726, 63.29681], [-142.56549, 63.29551], [-142.56453, 63.29476], [-142.56294, 63.29397], [-142.56017, 63.29328], [-142.55776, 63.29313], [-142.5373, 63.29286], [-142.52609, 63.29037], [-142.51999, 63.28665], [-142.51713, 63.28544], [-142.51161, 63.28416], [-142.50942, 63.28312], [-142.50757, 63.28087], [-142.50589, 63.27837], [-142.50331, 63.27686], [-142.49496, 63.27358], [-142.4926, 63.27185], [-142.48348, 63.26493], [-142.47917, 63.26347], [-142.46918, 63.26073], [-142.45798, 63.25746], [-142.45437, 63.25488], [-142.4517, 63.2526], [-142.45055, 63.25193], [-142.44928, 63.25145], [-142.44189, 63.24957], [-142.4399, 63.249], [-142.43642, 63.24767], [-142.43405, 63.24712], [-142.4313, 63.24697], [-142.42566, 63.24718], [-142.42158, 63.24694], [-142.41718, 63.24647], [-142.41422, 63.2464], [-142.40838, 63.24713], [-142.40404, 63.24762], [-142.40134, 63.24762], [-142.3992, 63.24741], [-142.39769, 63.24713], [-142.38474, 63.24444], [-142.38263, 63.24347], [-142.3811, 63.2423], [-142.37872, 63.24042], [-142.37716, 63.23952], [-142.37514, 63.23875], [-142.3726, 63.23819], [-142.36938, 63.23789], [-142.36648, 63.23803], [-142.36213, 63.2385], [-142.35981, 63.23845], [-142.35677, 63.23795], [-142.3521, 63.23693], [-142.35064, 63.23634], [-142.34781, 63.23505], [-142.34498, 63.23448], [-142.34205, 63.23441], [-142.33702, 63.23525], [-142.3324, 63.23552], [-142.32715, 63.2343], [-142.32334, 63.23207], [-142.31886, 63.23106], [-142.31347, 63.23107], [-142.30501, 63.23192], [-142.30097, 63.2315], [-142.29597, 63.22991], [-142.288, 63.22717], [-142.28343, 63.22632], [-142.27766, 63.22634], [-142.26987, 63.22738], [-142.26301, 63.22729], [-142.25663, 63.22846], [-142.25145, 63.22958], [-142.24792, 63.22951], [-142.24406, 63.22848], [-142.24095, 63.22636], [-142.23694, 63.22512], [-142.23087, 63.22395], [-142.22273, 63.22112], [-142.21602, 63.21841], [-142.21343, 63.21564], [-142.20872, 63.21397], [-142.2044, 63.21271], [-142.2008, 63.21015], [-142.19494, 63.20741], [-142.19297, 63.20533], [-142.19142, 63.20332], [-142.18788, 63.20238], [-142.18226, 63.20125], [-142.18041, 63.20032], [-142.17824, 63.19807], [-142.16568, 63.18547], [-142.16236, 63.18249], [-142.14307, 63.17454], [-142.13483, 63.17418], [-142.12945, 63.17366], [-142.11478, 63.17053], [-142.10526, 63.1644], [-142.1019, 63.16269], [-142.09105, 63.1596], [-142.0812, 63.14986], [-142.06869, 63.14074], [-142.06713, 63.13664], [-142.06419, 63.13201], [-142.05866, 63.12375], [-142.05677, 63.12113], [-142.05237, 63.11959], [-142.04681, 63.1196], [-142.04071, 63.12055], [-142.03451, 63.11994], [-142.03029, 63.11772], [-142.02896, 63.11483], [-142.0255, 63.11264], [-142.01745, 63.11082], [-142.01607, 63.11025], [-142.01445, 63.10928], [-142.01072, 63.10594], [-142.00419, 63.10003], [-142.00306, 63.09925], [-142.00125, 63.09849], [-141.99698, 63.09722], [-141.99102, 63.09555], [-141.98871, 63.09498], [-141.98405, 63.09417], [-141.98189, 63.09373], [-141.98001, 63.09311], [-141.9785, 63.09224], [-141.97748, 63.09121], [-141.97621, 63.0895], [-141.97495, 63.08866], [-141.97351, 63.08814], [-141.96943, 63.08678], [-141.96737, 63.08581], [-141.96396, 63.08342], [-141.96189, 63.08242], [-141.95611, 63.0812], [-141.95239, 63.08037], [-141.94929, 63.07915], [-141.94691, 63.07752], [-141.94579, 63.07598], [-141.94486, 63.07319], [-141.94413, 63.07196], [-141.94278, 63.07071], [-141.94058, 63.06936], [-141.93778, 63.06843], [-141.93403, 63.06764], [-141.9301, 63.06737], [-141.92484, 63.06767], [-141.92117, 63.06796], [-141.91779, 63.06766], [-141.91187, 63.06624], [-141.90915, 63.06529], [-141.9061, 63.06242], [-141.90448, 63.06116], [-141.90066, 63.05985], [-141.88812, 63.05655], [-141.88237, 63.05471], [-141.87982, 63.05398], [-141.87587, 63.05361], [-141.87197, 63.0534], [-141.86679, 63.05253], [-141.86382, 63.05202], [-141.86059, 63.05183], [-141.85794, 63.052], [-141.85388, 63.05253], [-141.85159, 63.05282], [-141.84894, 63.05287], [-141.84605, 63.05248], [-141.83908, 63.05097], [-141.82906, 63.04864], [-141.82724, 63.04792], [-141.82597, 63.04703], [-141.82541, 63.04612], [-141.82535, 63.04504], [-141.82649, 63.04299], [-141.82688, 63.0419], [-141.82682, 63.04044], [-141.82617, 63.03914], [-141.82489, 63.03785], [-141.82327, 63.03685], [-141.81984, 63.03543], [-141.81624, 63.03399], [-141.81506, 63.03306], [-141.81455, 63.03207], [-141.81477, 63.03101], [-141.81584, 63.02954], [-141.81637, 63.02811], [-141.81604, 63.02686], [-141.81504, 63.02567], [-141.81243, 63.02391], [-141.81086, 63.02274], [-141.81029, 63.02154], [-141.81023, 63.01774], [-141.8097, 63.01577], [-141.80843, 63.0141], [-141.80728, 63.01313], [-141.80523, 63.01193], [-141.8044, 63.01154], [-141.80153, 63.01053], [-141.79826, 63.00976], [-141.79526, 63.00938], [-141.79133, 63.0092], [-141.78791, 63.00937], [-141.78438, 63.00987], [-141.77306, 63.01207], [-141.7712, 63.01228], [-141.76796, 63.01233], [-141.76456, 63.01202], [-141.76184, 63.01145], [-141.75672, 63.01004], [-141.75482, 63.00984], [-141.75211, 63.00973], [-141.74869, 63.00954], [-141.74596, 63.00917], [-141.74269, 63.00845], [-141.74039, 63.00772], [-141.73738, 63.00635], [-141.73039, 63.00145], [-141.72351, 62.99649], [-141.71795, 62.99253], [-141.71532, 62.9915], [-141.71258, 62.99109], [-141.71115, 62.99105], [-141.70713, 62.99153], [-141.69879, 62.99332], [-141.69261, 62.99314], [-141.68737, 62.99162], [-141.68024, 62.98683], [-141.67635, 62.98491], [-141.67131, 62.98323], [-141.66869, 62.98152], [-141.66268, 62.97609], [-141.6563, 62.97397], [-141.64806, 62.97302], [-141.64317, 62.97134], [-141.63999, 62.96614], [-141.63673, 62.96447], [-141.63292, 62.96315], [-141.63148, 62.96215], [-141.63092, 62.96146], [-141.63066, 62.96011], [-141.63036, 62.95865], [-141.62947, 62.95772], [-141.62159, 62.95332], [-141.62013, 62.95275], [-141.61717, 62.95222], [-141.61139, 62.95171], [-141.60737, 62.95085], [-141.59947, 62.94795], [-141.59746, 62.94676], [-141.59586, 62.9439], [-141.59492, 62.94277], [-141.59343, 62.94188], [-141.58294, 62.93901], [-141.57672, 62.9369], [-141.57005, 62.93421], [-141.56186, 62.93025], [-141.5581, 62.92785], [-141.55472, 62.92669], [-141.54767, 62.92469], [-141.54568, 62.92361], [-141.54473, 62.9225], [-141.54353, 62.92048], [-141.54256, 62.91976], [-141.54009, 62.91873], [-141.53748, 62.91751], [-141.53621, 62.9162], [-141.53294, 62.91141], [-141.53246, 62.91091], [-141.53172, 62.91039], [-141.53092, 62.90996], [-141.53007, 62.90963], [-141.52682, 62.90846], [-141.52608, 62.90808], [-141.52545, 62.90761], [-141.52499, 62.90712], [-141.52427, 62.90574], [-141.5231, 62.9033], [-141.52276, 62.90271], [-141.52198, 62.90167], [-141.51657, 62.89492], [-141.51473, 62.89261], [-141.51428, 62.89199], [-141.51341, 62.89046], [-141.51181, 62.88763], [-141.51113, 62.88681], [-141.51007, 62.88594], [-141.50703, 62.88398], [-141.49809, 62.87823], [-141.49727, 62.87764], [-141.49653, 62.87697], [-141.49511, 62.87553], [-141.49447, 62.87502], [-141.49365, 62.87453], [-141.49266, 62.87408], [-141.49142, 62.87367], [-141.48782, 62.87289], [-141.48643, 62.87254], [-141.48516, 62.87212], [-141.48383, 62.87157], [-141.4826, 62.87087], [-141.48168, 62.87021], [-141.48099, 62.86953], [-141.48048, 62.8688], [-141.47976, 62.8673], [-141.47918, 62.86627], [-141.47832, 62.86517], [-141.47769, 62.86452], [-141.47703, 62.86392], [-141.47556, 62.86282], [-141.47223, 62.86059], [-141.47159, 62.85997], [-141.47094, 62.85901], [-141.47017, 62.85785], [-141.46964, 62.85727], [-141.46896, 62.85672], [-141.46792, 62.8561], [-141.46673, 62.85558], [-141.46559, 62.8552], [-141.4621, 62.85425], [-141.45946, 62.85354], [-141.45667, 62.85279], [-141.45525, 62.85234], [-141.45327, 62.85158], [-141.4519, 62.85094], [-141.45038, 62.85007], [-141.44932, 62.84932], [-141.44469, 62.84531], [-141.44394, 62.84468], [-141.44286, 62.84393], [-141.4417, 62.84331], [-141.43378, 62.83958], [-141.43278, 62.83916], [-141.4318, 62.83883], [-141.43087, 62.83858], [-141.42298, 62.83658], [-141.42173, 62.83628], [-141.42017, 62.83594], [-141.41897, 62.8358], [-141.41779, 62.83574], [-141.41174, 62.83567], [-141.4105, 62.83561], [-141.40914, 62.83544], [-141.40777, 62.83513], [-141.40657, 62.8347], [-141.40566, 62.83422], [-141.40447, 62.83331], [-141.40216, 62.83146], [-141.40195, 62.83131], [-141.40124, 62.8309], [-141.40046, 62.83058], [-141.39862, 62.82994], [-141.39538, 62.8288], [-141.394, 62.82826], [-141.39258, 62.82765], [-141.38995, 62.82657], [-141.38807, 62.82598], [-141.38646, 62.82559], [-141.37581, 62.82323], [-141.37347, 62.82265], [-141.37175, 62.82217], [-141.36962, 62.8215], [-141.36583, 62.82013], [-141.36175, 62.81862], [-141.36085, 62.81823], [-141.36012, 62.8178], [-141.35948, 62.81729], [-141.35735, 62.81484], [-141.35666, 62.81407], [-141.35582, 62.81339], [-141.35482, 62.81275], [-141.35369, 62.81216], [-141.35248, 62.81168], [-141.35094, 62.81118], [-141.34964, 62.81085], [-141.34786, 62.81051], [-141.33752, 62.809], [-141.33497, 62.80867], [-141.33055, 62.8081], [-141.32834, 62.8077], [-141.32614, 62.80712], [-141.31595, 62.80385], [-141.31473, 62.80352], [-141.31355, 62.80329], [-141.30987, 62.80278], [-141.30799, 62.80247], [-141.30585, 62.80195], [-141.30405, 62.80137], [-141.30225, 62.8006], [-141.29963, 62.79919], [-141.29559, 62.79699], [-141.28794, 62.79289], [-141.27649, 62.78678], [-141.27389, 62.78617], [-141.26325, 62.78528], [-141.25995, 62.78459], [-141.2575, 62.7832], [-141.25414, 62.77881], [-141.252, 62.77604], [-141.24753, 62.77286], [-141.24036, 62.76843], [-141.22815, 62.76217], [-141.20904, 62.7529], [-141.20688, 62.75156], [-141.206, 62.74582], [-141.20549, 62.74202], [-141.20378, 62.73849], [-141.20093, 62.73553], [-141.19738, 62.73319], [-141.18795, 62.72864], [-141.18259, 62.72557], [-141.18197, 62.72484], [-141.18137, 62.72355], [-141.17996, 62.71937], [-141.17953, 62.71791], [-141.1798, 62.71698], [-141.18101, 62.716], [-141.1849, 62.71423], [-141.18577, 62.71297], [-141.18549, 62.71189], [-141.18404, 62.71092], [-141.18217, 62.71039], [-141.16558, 62.70753], [-141.1531, 62.70554], [-141.14974, 62.70457], [-141.14694, 62.70302], [-141.14291, 62.70058], [-141.14107, 62.69909], [-141.13902, 62.69711], [-141.13792, 62.69594], [-141.13765, 62.69456], [-141.13834, 62.69328], [-141.14005, 62.69091], [-141.13938, 62.68984], [-141.13707, 62.68889], [-141.13246, 62.68865], [-141.13, 62.68835], [-141.12784, 62.68747], [-141.12627, 62.686], [-141.12393, 62.68432], [-141.12325, 62.68243], [-141.12063, 62.68086], [-141.11723, 62.68033], [-141.10645, 62.68127], [-141.10342, 62.68122], [-141.09985, 62.68047], [-141.08992, 62.67636], [-141.08484, 62.67554], [-141.07536, 62.67319], [-141.06834, 62.67106], [-141.06248, 62.66996], [-141.06009, 62.66943], [-141.05773, 62.66797], [-141.05599, 62.66534], [-141.0565, 62.66378], [-141.05757, 62.6618], [-141.05773, 62.65987], [-141.05644, 62.6579], [-141.05102, 62.65352], [-141.04885, 62.65214], [-141.04543, 62.65091], [-141.03908, 62.64815], [-141.03229, 62.64306], [-141.02916, 62.63894], [-141.02604, 62.63395], [-141.02157, 62.62675], [-141.01934, 62.62485], [-141.01584, 62.62267], [-141.01359, 62.62185], [-141.01008, 62.62106], [-141.00719, 62.62012], [-141.01008, 62.62106], [-141.0094, 62.62096], [-141.00884, 62.62091], [-141.00829, 62.62086], [-141.00792, 62.62076], [-141.00756, 62.62063], [-141.00724, 62.6205], [-141.007, 62.62034], [-141.00677, 62.62012], [-141.00653, 62.61989], [-141.00623, 62.61962], [-141.00283, 62.61624], [-141.0023, 62.61579], [-141.00152, 62.61527]]}}, {"type": "Feature", "properties": {"slug": "tok-cutoff", "name": "Tok Cutoff", "route": "AK-1", "color": "FF6D4C41", "source": "OpenStreetMap route relation (api.openstreetmap.org), simplified"}, "geometry": {"type": "LineString", "coordinates": [[-145.35315, 62.28914], [-145.35222, 62.28915], [-145.35081, 62.28919], [-145.35035, 62.28924], [-145.34991, 62.28931], [-145.34933, 62.28939], [-145.34889, 62.28947], [-145.34766, 62.28973], [-145.34568, 62.2901], [-145.34479, 62.29028], [-145.34336, 62.29054], [-145.34171, 62.29087], [-145.34069, 62.29113], [-145.34021, 62.29126], [-145.33965, 62.29151], [-145.33906, 62.29179], [-145.33842, 62.29222], [-145.33748, 62.29304], [-145.3365, 62.29399], [-145.33595, 62.29443], [-145.3353, 62.29485], [-145.33473, 62.29515], [-145.33367, 62.29562], [-145.333, 62.29587], [-145.33218, 62.29616], [-145.32929, 62.29718], [-145.32892, 62.2973], [-145.32712, 62.29793], [-145.32515, 62.29853], [-145.32433, 62.29875], [-145.32351, 62.29894], [-145.31372, 62.30096], [-145.31243, 62.30121], [-145.31144, 62.30133], [-145.31044, 62.30139], [-145.3101, 62.30141], [-145.30857, 62.30143], [-145.30846, 62.30143], [-145.30846, 62.30143], [-145.30674, 62.30144], [-145.30629, 62.30144], [-145.30629, 62.30144], [-145.3054, 62.30145], [-145.30458, 62.30146], [-145.30095, 62.30149], [-145.29959, 62.30151], [-145.29811, 62.30162], [-145.29118, 62.30276], [-145.28848, 62.30327], [-145.28575, 62.3036], [-145.28517, 62.30366], [-145.28307, 62.30378], [-145.28288, 62.30379], [-145.28214, 62.30383], [-145.28104, 62.30389], [-145.27884, 62.304], [-145.27783, 62.30406], [-145.27591, 62.30416], [-145.27413, 62.30427], [-145.27255, 62.30435], [-145.2697, 62.30455], [-145.26957, 62.30456], [-145.26878, 62.30465], [-145.26798, 62.30476], [-145.26705, 62.30491], [-145.26548, 62.30519], [-145.26172, 62.30593], [-145.25871, 62.30665], [-145.25687, 62.30709], [-145.25588, 62.30733], [-145.2538, 62.30768], [-145.25162, 62.3079], [-145.24524, 62.30869], [-145.24146, 62.30917], [-145.23987, 62.30936], [-145.23444, 62.31005], [-145.23362, 62.31015], [-145.23051, 62.31056], [-145.22821, 62.31094], [-145.2273, 62.31113], [-145.22565, 62.31151], [-145.22441, 62.31184], [-145.22349, 62.3121], [-145.22242, 62.31243], [-145.22123, 62.31286], [-145.2199, 62.31339], [-145.21863, 62.31397], [-145.21712, 62.3147], [-145.21559, 62.31562], [-145.21399, 62.31674], [-145.2125, 62.31832], [-145.21142, 62.31907], [-145.20776, 62.32056], [-145.20701, 62.32104], [-145.20619, 62.32162], [-145.20385, 62.32366], [-145.20199, 62.32525], [-145.20162, 62.32562], [-145.20133, 62.32602], [-145.2011, 62.32645], [-145.20102, 62.32696], [-145.20108, 62.32741], [-145.20119, 62.32787], [-145.20165, 62.32881], [-145.20233, 62.32992], [-145.20252, 62.33043], [-145.20254, 62.33093], [-145.20254, 62.33138], [-145.20255, 62.33162], [-145.20234, 62.33264], [-145.20174, 62.33377], [-145.20098, 62.33465], [-145.19796, 62.33756], [-145.19596, 62.33947], [-145.19437, 62.34102], [-145.19404, 62.34134], [-145.19325, 62.34189], [-145.19261, 62.34226], [-145.19104, 62.34308], [-145.18788, 62.34468], [-145.1858, 62.34576], [-145.18449, 62.34646], [-145.18236, 62.34751], [-145.18014, 62.34868], [-145.17612, 62.35051], [-145.1734, 62.35171], [-145.17247, 62.35212], [-145.17166, 62.35259], [-145.17118, 62.35294], [-145.17083, 62.35333], [-145.17065, 62.35386], [-145.17062, 62.35471], [-145.17072, 62.35628], [-145.17085, 62.35899], [-145.17086, 62.35948], [-145.17084, 62.35983], [-145.17079, 62.36013], [-145.17065, 62.36058], [-145.17045, 62.36086], [-145.16952, 62.3618], [-145.1688, 62.36225], [-145.16796, 62.36265], [-145.16677, 62.36302], [-145.16521, 62.36343], [-145.1628, 62.364], [-145.15916, 62.36479], [-145.15685, 62.36536], [-145.15362, 62.3661], [-145.1527, 62.36637], [-145.15185, 62.36667], [-145.15106, 62.36708], [-145.15044, 62.36751], [-145.14956, 62.36838], [-145.14866, 62.3694], [-145.1469, 62.37113], [-145.14502, 62.37306], [-145.14276, 62.3764], [-145.14207, 62.37744], [-145.13976, 62.38004], [-145.13725, 62.38215], [-145.1331, 62.38442], [-145.13089, 62.38687], [-145.13009, 62.3877], [-145.12734, 62.3902], [-145.1263, 62.39113], [-145.1259, 62.39143], [-145.12554, 62.39169], [-145.12513, 62.39192], [-145.12473, 62.39211], [-145.12423, 62.39232], [-145.12367, 62.39253], [-145.12218, 62.39302], [-145.12085, 62.39348], [-145.12002, 62.39382], [-145.11925, 62.3943], [-145.11878, 62.39482], [-145.11789, 62.39624], [-145.11583, 62.3991], [-145.11531, 62.39948], [-145.11478, 62.39983], [-145.11407, 62.40016], [-145.11338, 62.40047], [-145.11017, 62.40178], [-145.10689, 62.40354], [-145.10593, 62.40394], [-145.10497, 62.40426], [-145.10497, 62.40426], [-145.10374, 62.40455], [-145.1031, 62.40465], [-145.10241, 62.40473], [-145.10115, 62.40481], [-145.10002, 62.40484], [-145.09913, 62.40478], [-145.09736, 62.40473], [-145.09367, 62.40451], [-145.08937, 62.40431], [-145.08842, 62.40427], [-145.08762, 62.40429], [-145.08616, 62.40445], [-145.08512, 62.40464], [-145.08436, 62.40484], [-145.08246, 62.40554], [-145.07757, 62.40754], [-145.07336, 62.40924], [-145.07202, 62.40969], [-145.07121, 62.40988], [-145.07055, 62.41001], [-145.06903, 62.41017], [-145.06772, 62.41022], [-145.06662, 62.4102], [-145.0655, 62.41011], [-145.06398, 62.40988], [-145.06242, 62.40964], [-145.06061, 62.40935], [-145.05818, 62.40894], [-145.05603, 62.4086], [-145.05482, 62.40851], [-145.05367, 62.40846], [-145.0528, 62.40849], [-145.05205, 62.40855], [-145.05068, 62.40869], [-145.04717, 62.40913], [-145.04593, 62.40929], [-145.04454, 62.40939], [-145.04198, 62.40941], [-145.03752, 62.40936], [-145.03502, 62.40936], [-145.03276, 62.40938], [-145.03068, 62.40952], [-145.02878, 62.40978], [-145.0257, 62.41044], [-145.02343, 62.41121], [-145.02129, 62.41209], [-145.01894, 62.41305], [-145.01725, 62.41358], [-145.01572, 62.41397], [-145.01173, 62.41464], [-145.00309, 62.41592], [-144.997, 62.41692], [-144.99207, 62.41774], [-144.9882, 62.41846], [-144.98749, 62.41865], [-144.98651, 62.41896], [-144.98537, 62.41942], [-144.9845, 62.41986], [-144.98367, 62.42043], [-144.98072, 62.42319], [-144.97939, 62.42453], [-144.97825, 62.42546], [-144.97735, 62.4261], [-144.97611, 62.42677], [-144.97471, 62.42733], [-144.97199, 62.4283], [-144.97075, 62.42874], [-144.96835, 62.42959], [-144.96654, 62.43023], [-144.96654, 62.43023], [-144.96594, 62.43043], [-144.96594, 62.43043], [-144.96387, 62.43115], [-144.96305, 62.43138], [-144.96209, 62.4316], [-144.96033, 62.43193], [-144.9593, 62.43207], [-144.95819, 62.43217], [-144.95733, 62.43222], [-144.95638, 62.43227], [-144.95543, 62.4323], [-144.95436, 62.43229], [-144.95067, 62.43222], [-144.94724, 62.43219], [-144.94558, 62.4322], [-144.94404, 62.43223], [-144.94174, 62.43236], [-144.93877, 62.43265], [-144.93496, 62.43321], [-144.93259, 62.43371], [-144.93031, 62.43427], [-144.92769, 62.43507], [-144.92521, 62.43595], [-144.92207, 62.43739], [-144.91939, 62.43893], [-144.91407, 62.4421], [-144.91351, 62.44244], [-144.9022, 62.44933], [-144.89807, 62.45183], [-144.89647, 62.45273], [-144.89386, 62.45396], [-144.89131, 62.45488], [-144.88974, 62.45536], [-144.88466, 62.45673], [-144.86998, 62.46053], [-144.8652, 62.46177], [-144.8544, 62.46449], [-144.85185, 62.4651], [-144.84932, 62.46575], [-144.84605, 62.46707], [-144.84445, 62.46791], [-144.8389, 62.47169], [-144.83836, 62.47206], [-144.8349, 62.4744], [-144.83294, 62.47592], [-144.83122, 62.4775], [-144.82433, 62.48472], [-144.82197, 62.48715], [-144.82157, 62.48772], [-144.82122, 62.48832], [-144.8209, 62.48945], [-144.82051, 62.49739], [-144.81979, 62.49902], [-144.81877, 62.50057], [-144.81622, 62.50329], [-144.81304, 62.50646], [-144.80999, 62.51027], [-144.80291, 62.51946], [-144.79635, 62.52782], [-144.7939, 62.53149], [-144.79313, 62.53234], [-144.79224, 62.5332], [-144.78985, 62.53476], [-144.78611, 62.53707], [-144.78381, 62.53842], [-144.77915, 62.54092], [-144.76942, 62.54588], [-144.76505, 62.54817], [-144.76153, 62.5497], [-144.76153, 62.5497], [-144.75897, 62.55054], [-144.75487, 62.55165], [-144.75275, 62.55202], [-144.75054, 62.55234], [-144.74774, 62.55266], [-144.74408, 62.55281], [-144.74047, 62.55297], [-144.73168, 62.55339], [-144.72888, 62.55352], [-144.7268, 62.55371], [-144.72461, 62.55404], [-144.7229, 62.55432], [-144.72081, 62.5548], [-144.71769, 62.55563], [-144.7135, 62.55672], [-144.71139, 62.55727], [-144.70963, 62.55758], [-144.70892, 62.55767], [-144.708, 62.55773], [-144.70734, 62.55776], [-144.70654, 62.55776], [-144.70408, 62.55776], [-144.6997, 62.55778], [-144.69576, 62.55788], [-144.69226, 62.55812], [-144.69015, 62.55831], [-144.68468, 62.55911], [-144.68135, 62.55955], [-144.68135, 62.55955], [-144.67989, 62.55979], [-144.67895, 62.55997], [-144.67797, 62.56022], [-144.67679, 62.56059], [-144.67592, 62.56094], [-144.67557, 62.56109], [-144.6725, 62.56273], [-144.67008, 62.56401], [-144.66799, 62.56514], [-144.66753, 62.56542], [-144.66667, 62.56596], [-144.66634, 62.5662], [-144.66588, 62.56653], [-144.66588, 62.56653], [-144.6652, 62.56709], [-144.66455, 62.56774], [-144.66391, 62.56852], [-144.66388, 62.56857], [-144.66334, 62.56933], [-144.6583, 62.57811], [-144.6577, 62.57913], [-144.65732, 62.57978], [-144.65674, 62.58078], [-144.6557, 62.5825], [-144.65514, 62.58343], [-144.65436, 62.58454], [-144.65344, 62.58565], [-144.65249, 62.58679], [-144.65033, 62.58901], [-144.64988, 62.58941], [-144.64912, 62.59008], [-144.64912, 62.59008], [-144.64887, 62.5903], [-144.64887, 62.5903], [-144.64833, 62.59078], [-144.64833, 62.59078], [-144.64796, 62.59127], [-144.64769, 62.59173], [-144.64747, 62.5922], [-144.64723, 62.59313], [-144.64719, 62.59586], [-144.64691, 62.59676], [-144.64667, 62.59721], [-144.64662, 62.5973], [-144.64621, 62.59784], [-144.6454, 62.59862], [-144.64498, 62.599], [-144.64442, 62.59938], [-144.6432, 62.60004], [-144.64192, 62.60064], [-144.64192, 62.60064], [-144.63746, 62.60265], [-144.63746, 62.60265], [-144.62911, 62.60646], [-144.62419, 62.60853], [-144.61007, 62.61394], [-144.59372, 62.62009], [-144.58976, 62.62162], [-144.5846, 62.62358], [-144.58162, 62.62465], [-144.57849, 62.62588], [-144.5633, 62.63188], [-144.55879, 62.63369], [-144.55412, 62.63554], [-144.55031, 62.63672], [-144.54629, 62.63773], [-144.53931, 62.63967], [-144.53585, 62.64088], [-144.53282, 62.64208], [-144.52625, 62.64459], [-144.52235, 62.64567], [-144.51668, 62.64724], [-144.51295, 62.64828], [-144.50243, 62.65125], [-144.49913, 62.65218], [-144.49665, 62.65288], [-144.49305, 62.65402], [-144.47884, 62.65879], [-144.4774, 62.65917], [-144.4758, 62.65956], [-144.47234, 62.66028], [-144.47045, 62.66066], [-144.46945, 62.6608], [-144.46771, 62.66099], [-144.4666, 62.66104], [-144.45879, 62.66123], [-144.45444, 62.6613], [-144.45235, 62.66133], [-144.45028, 62.66142], [-144.44814, 62.66168], [-144.44649, 62.66191], [-144.44454, 62.66231], [-144.44019, 62.66335], [-144.43846, 62.66377], [-144.43491, 62.66464], [-144.43276, 62.66512], [-144.43054, 62.66551], [-144.42866, 62.66583], [-144.42704, 62.66611], [-144.42704, 62.66611], [-144.42607, 62.66629], [-144.42607, 62.66629], [-144.42154, 62.66703], [-144.42004, 62.66731], [-144.41745, 62.66775], [-144.41628, 62.66796], [-144.41518, 62.6682], [-144.41387, 62.66859], [-144.41317, 62.66883], [-144.41222, 62.66922], [-144.4116, 62.66953], [-144.41051, 62.67021], [-144.40979, 62.67075], [-144.40916, 62.67137], [-144.40488, 62.67654], [-144.40109, 62.68112], [-144.39924, 62.68345], [-144.3982, 62.68464], [-144.39736, 62.68581], [-144.39404, 62.6908], [-144.39339, 62.6916], [-144.39021, 62.69444], [-144.38541, 62.69874], [-144.38113, 62.70269], [-144.38068, 62.70308], [-144.37914, 62.70402], [-144.37827, 62.70439], [-144.3773, 62.70475], [-144.37591, 62.70512], [-144.3746, 62.70537], [-144.37337, 62.70552], [-144.37154, 62.70567], [-144.35583, 62.70694], [-144.34996, 62.70755], [-144.33491, 62.70956], [-144.33309, 62.70993], [-144.33119, 62.71044], [-144.32864, 62.71121], [-144.32689, 62.71164], [-144.32504, 62.71205], [-144.32305, 62.71233], [-144.32129, 62.71253], [-144.31132, 62.71311], [-144.3063, 62.7136], [-144.30133, 62.71419], [-144.29653, 62.7148], [-144.29221, 62.71524], [-144.29009, 62.71534], [-144.28793, 62.71537], [-144.28351, 62.71543], [-144.27882, 62.71562], [-144.27408, 62.71586], [-144.26672, 62.71621], [-144.25827, 62.71646], [-144.2456, 62.71671], [-144.24352, 62.71673], [-144.24136, 62.71665], [-144.23661, 62.71606], [-144.23202, 62.71564], [-144.21986, 62.71499], [-144.21075, 62.71474], [-144.20823, 62.71468], [-144.20604, 62.71468], [-144.20325, 62.71476], [-144.2014, 62.7148], [-144.20011, 62.71476], [-144.19909, 62.71469], [-144.19751, 62.71457], [-144.19068, 62.714], [-144.18839, 62.71394], [-144.18528, 62.71404], [-144.17968, 62.7143], [-144.17518, 62.71469], [-144.1701, 62.71503], [-144.14476, 62.71601], [-144.13349, 62.71651], [-144.1308, 62.71662], [-144.0931, 62.71821], [-144.09017, 62.71835], [-144.08485, 62.71854], [-144.07876, 62.7185], [-144.07133, 62.71836], [-144.0576, 62.71815], [-144.0477, 62.71797], [-144.03556, 62.71776], [-144.02573, 62.71757], [-144.02174, 62.7174], [-144.01745, 62.71687], [-144.01335, 62.71619], [-144.00041, 62.7131], [-143.99958, 62.71291], [-143.9987, 62.71274], [-143.99788, 62.71264], [-143.99704, 62.71254], [-143.9951, 62.71244], [-143.99351, 62.71246], [-143.99143, 62.7126], [-143.9901, 62.71286], [-143.98878, 62.71318], [-143.98703, 62.71387], [-143.98533, 62.71457], [-143.98194, 62.71589], [-143.97934, 62.71685], [-143.97649, 62.71757], [-143.97464, 62.71786], [-143.97286, 62.71804], [-143.97035, 62.7181], [-143.96887, 62.71806], [-143.96659, 62.71792], [-143.96458, 62.71776], [-143.96458, 62.71776], [-143.96381, 62.7177], [-143.96381, 62.7177], [-143.96328, 62.71767], [-143.96225, 62.71762], [-143.96104, 62.71761], [-143.95964, 62.71769], [-143.95836, 62.71783], [-143.956, 62.71841], [-143.95501, 62.71871], [-143.95424, 62.71902], [-143.95321, 62.71964], [-143.95115, 62.72069], [-143.95, 62.72131], [-143.94883, 62.72187], [-143.94689, 62.72244], [-143.94528, 62.72285], [-143.94396, 62.72313], [-143.93739, 62.72411], [-143.92619, 62.72585], [-143.92436, 62.72603], [-143.92256, 62.72609], [-143.92087, 62.726], [-143.91937, 62.72586], [-143.9179, 62.72564], [-143.91556, 62.7253], [-143.91208, 62.7248], [-143.90965, 62.72445], [-143.90895, 62.72436], [-143.9062, 62.72408], [-143.90559, 62.72403], [-143.90384, 62.72392], [-143.89858, 62.72355], [-143.89743, 62.72354], [-143.89644, 62.72359], [-143.89407, 62.72385], [-143.89147, 62.72421], [-143.89043, 62.72428], [-143.88943, 62.72431], [-143.88839, 62.72431], [-143.88706, 62.72423], [-143.88486, 62.72415], [-143.88312, 62.72413], [-143.88186, 62.72419], [-143.88075, 62.7243], [-143.87918, 62.72453], [-143.87672, 62.72495], [-143.8709, 62.72595], [-143.8709, 62.72595], [-143.87031, 62.72606], [-143.87031, 62.72606], [-143.8681, 62.72645], [-143.85779, 62.72818], [-143.84826, 62.73022], [-143.83994, 62.73265], [-143.83462, 62.7342], [-143.83406, 62.73436], [-143.83173, 62.73504], [-143.82938, 62.73572], [-143.82243, 62.73773], [-143.81974, 62.73855], [-143.81861, 62.73892], [-143.81741, 62.7394], [-143.81593, 62.7401], [-143.81455, 62.74083], [-143.81344, 62.74159], [-143.81233, 62.74242], [-143.81044, 62.74468], [-143.80874, 62.74697], [-143.8081, 62.74808], [-143.8061, 62.75297], [-143.80501, 62.75407], [-143.80378, 62.75519], [-143.80033, 62.75803], [-143.79937, 62.7589], [-143.7978, 62.76035], [-143.79662, 62.76187], [-143.79662, 62.76187], [-143.79651, 62.76203], [-143.79651, 62.76203], [-143.79299, 62.76682], [-143.79208, 62.76963], [-143.79145, 62.771], [-143.78772, 62.77529], [-143.78367, 62.77963], [-143.7811, 62.78239], [-143.77903, 62.78454], [-143.77727, 62.78611], [-143.77445, 62.78836], [-143.77171, 62.79055], [-143.76884, 62.79281], [-143.76756, 62.7937], [-143.76608, 62.79438], [-143.76374, 62.79541], [-143.75585, 62.79874], [-143.75001, 62.8023], [-143.7442, 62.80606], [-143.74177, 62.80726], [-143.74083, 62.80771], [-143.7306, 62.81208], [-143.7267, 62.81357], [-143.72287, 62.81488], [-143.71525, 62.81738], [-143.70881, 62.81953], [-143.70708, 62.82049], [-143.70553, 62.82151], [-143.70433, 62.82275], [-143.70335, 62.82415], [-143.70307, 62.82528], [-143.70306, 62.82685], [-143.70376, 62.831], [-143.70416, 62.83278], [-143.7052, 62.83884], [-143.70628, 62.8435], [-143.70668, 62.84641], [-143.70675, 62.84718], [-143.70664, 62.84794], [-143.70625, 62.84944], [-143.70625, 62.84944], [-143.70502, 62.85089], [-143.70389, 62.85182], [-143.7026, 62.85271], [-143.69902, 62.85476], [-143.69772, 62.85553], [-143.69719, 62.85584], [-143.69719, 62.85584], [-143.6965, 62.85625], [-143.6965, 62.85625], [-143.6952, 62.85694], [-143.69429, 62.8573], [-143.69323, 62.85763], [-143.69149, 62.85794], [-143.68886, 62.85829], [-143.68764, 62.85846], [-143.68663, 62.85865], [-143.68599, 62.85879], [-143.68599, 62.85879], [-143.68564, 62.85889], [-143.68512, 62.85904], [-143.68512, 62.85904], [-143.68366, 62.85953], [-143.68137, 62.8604], [-143.68137, 62.8604], [-143.67885, 62.86127], [-143.67766, 62.8617], [-143.67642, 62.86204], [-143.67387, 62.86264], [-143.67334, 62.8628], [-143.67297, 62.86295], [-143.67297, 62.86295], [-143.67241, 62.86319], [-143.67241, 62.86319], [-143.67205, 62.8634], [-143.67139, 62.86384], [-143.67095, 62.86431], [-143.67077, 62.86478], [-143.67066, 62.86575], [-143.67061, 62.86672], [-143.67065, 62.86738], [-143.67071, 62.86867], [-143.67152, 62.87233], [-143.67244, 62.87371], [-143.67305, 62.87441], [-143.67374, 62.87503], [-143.67779, 62.87819], [-143.67851, 62.87876], [-143.67902, 62.87932], [-143.67924, 62.87982], [-143.67945, 62.88033], [-143.67961, 62.88091], [-143.6797, 62.88138], [-143.67969, 62.88178], [-143.67961, 62.88233], [-143.67948, 62.88325], [-143.67941, 62.88379], [-143.68019, 62.8875], [-143.68036, 62.88834], [-143.68052, 62.88915], [-143.68067, 62.88989], [-143.68066, 62.89036], [-143.68062, 62.89061], [-143.68055, 62.89082], [-143.68047, 62.89097], [-143.68039, 62.89112], [-143.68011, 62.89152], [-143.67951, 62.89213], [-143.67864, 62.8927], [-143.67443, 62.8956], [-143.67237, 62.89721], [-143.66987, 62.89893], [-143.6691, 62.90036], [-143.66883, 62.9026], [-143.66864, 62.90583], [-143.6675, 62.90819], [-143.66393, 62.91154], [-143.65954, 62.91419], [-143.65688, 62.91603], [-143.6526, 62.91897], [-143.64773, 62.9223], [-143.64661, 62.92301], [-143.64546, 62.9236], [-143.64479, 62.92394], [-143.64414, 62.9242], [-143.64338, 62.92444], [-143.64295, 62.92456], [-143.64295, 62.92456], [-143.64185, 62.92483], [-143.64101, 62.92501], [-143.64006, 62.92518], [-143.63901, 62.92531], [-143.63237, 62.92603], [-143.62799, 62.92648], [-143.6247, 62.92683], [-143.62208, 62.92712], [-143.62013, 62.92732], [-143.61845, 62.92748], [-143.6171, 62.92761], [-143.61338, 62.928], [-143.61214, 62.92811], [-143.61158, 62.92814], [-143.61105, 62.92815], [-143.61062, 62.92815], [-143.60979, 62.92811], [-143.60796, 62.92799], [-143.60739, 62.92797], [-143.60626, 62.92792], [-143.60535, 62.92788], [-143.6045, 62.92786], [-143.60386, 62.92785], [-143.60304, 62.92787], [-143.60217, 62.92794], [-143.60096, 62.92804], [-143.60031, 62.9281], [-143.5996, 62.92813], [-143.59888, 62.92813], [-143.59749, 62.92812], [-143.59699, 62.9281], [-143.59604, 62.92804], [-143.59494, 62.92794], [-143.59363, 62.92781], [-143.5929, 62.92775], [-143.59229, 62.92773], [-143.59177, 62.92772], [-143.59118, 62.92774], [-143.59067, 62.92776], [-143.58621, 62.92811], [-143.58297, 62.92839], [-143.58092, 62.92853], [-143.57905, 62.92864], [-143.57752, 62.92871], [-143.57553, 62.92881], [-143.57553, 62.92881], [-143.5745, 62.92886], [-143.5745, 62.92886], [-143.57378, 62.9289], [-143.57013, 62.92907], [-143.56863, 62.92914], [-143.56062, 62.92953], [-143.55778, 62.9296], [-143.55269, 62.92968], [-143.5371, 62.92994], [-143.53578, 62.92995], [-143.53411, 62.93001], [-143.53262, 62.93007], [-143.51701, 62.93116], [-143.51421, 62.93143], [-143.51014, 62.93197], [-143.50821, 62.93217], [-143.50603, 62.93226], [-143.49837, 62.93259], [-143.49475, 62.93274], [-143.49199, 62.9327], [-143.48956, 62.93252], [-143.48537, 62.93228], [-143.48133, 62.93221], [-143.47591, 62.93221], [-143.46978, 62.93228], [-143.46217, 62.93258], [-143.45976, 62.9325], [-143.45729, 62.93236], [-143.45562, 62.93239], [-143.45423, 62.93254], [-143.45251, 62.93286], [-143.44861, 62.93397], [-143.4468, 62.93428], [-143.44544, 62.93436], [-143.44359, 62.93435], [-143.43736, 62.93427], [-143.42888, 62.93419], [-143.4278, 62.93422], [-143.42625, 62.93438], [-143.42509, 62.9346], [-143.4239, 62.93484], [-143.42107, 62.9356], [-143.41689, 62.93673], [-143.40365, 62.93969], [-143.40115, 62.94017], [-143.40002, 62.94042], [-143.39898, 62.94068], [-143.39709, 62.94128], [-143.38951, 62.94455], [-143.38711, 62.94569], [-143.38515, 62.9468], [-143.38344, 62.94794], [-143.38154, 62.94888], [-143.37872, 62.94988], [-143.37555, 62.95107], [-143.37431, 62.95155], [-143.37328, 62.95199], [-143.36874, 62.95488], [-143.36735, 62.95582], [-143.36704, 62.95597], [-143.36577, 62.95665], [-143.36492, 62.95699], [-143.36303, 62.95753], [-143.35994, 62.95818], [-143.35745, 62.9586], [-143.35666, 62.95881], [-143.35589, 62.95907], [-143.35522, 62.95935], [-143.35466, 62.95964], [-143.35413, 62.95998], [-143.35384, 62.96022], [-143.35099, 62.96368], [-143.35055, 62.96449], [-143.3504, 62.96551], [-143.35095, 62.9672], [-143.35095, 62.9672], [-143.35352, 62.9745], [-143.35436, 62.97734], [-143.35471, 62.98555], [-143.35488, 62.98782], [-143.35584, 62.98945], [-143.35987, 62.99362], [-143.3719, 63.00706], [-143.37732, 63.01297], [-143.37937, 63.01533], [-143.37993, 63.01695], [-143.3793, 63.0185], [-143.37877, 63.01941], [-143.37838, 63.02034], [-143.37855, 63.02119], [-143.37898, 63.02202], [-143.37993, 63.0229], [-143.38127, 63.02386], [-143.38288, 63.02488], [-143.38423, 63.02591], [-143.38464, 63.02641], [-143.38488, 63.02695], [-143.38476, 63.02783], [-143.38422, 63.02873], [-143.38334, 63.02961], [-143.38151, 63.03137], [-143.37772, 63.03496], [-143.37599, 63.03673], [-143.37508, 63.03793], [-143.37435, 63.03912], [-143.3734, 63.04089], [-143.37293, 63.04174], [-143.37227, 63.0426], [-143.37107, 63.04368], [-143.36965, 63.04476], [-143.36965, 63.04476], [-143.3692, 63.04509], [-143.3692, 63.04509], [-143.36426, 63.04876], [-143.36153, 63.05121], [-143.35891, 63.05421], [-143.35741, 63.0562], [-143.35553, 63.06233], [-143.35384, 63.06698], [-143.35284, 63.06854], [-143.34216, 63.07641], [-143.33677, 63.08026], [-143.33489, 63.08174], [-143.33279, 63.08272], [-143.33049, 63.08356], [-143.3278, 63.0842], [-143.32489, 63.08472], [-143.31533, 63.08643], [-143.30768, 63.08778], [-143.3067, 63.08803], [-143.30558, 63.08831], [-143.30379, 63.08886], [-143.30239, 63.08943], [-143.30003, 63.09074], [-143.29477, 63.09386], [-143.29374, 63.09454], [-143.29285, 63.0952], [-143.29208, 63.09592], [-143.29143, 63.09669], [-143.29109, 63.09742], [-143.291, 63.09769], [-143.2909, 63.09794], [-143.2907, 63.09879], [-143.29075, 63.09969], [-143.2913, 63.10116], [-143.29192, 63.10283], [-143.29227, 63.10377], [-143.29298, 63.10595], [-143.29407, 63.10899], [-143.29407, 63.10899], [-143.2943, 63.10964], [-143.2943, 63.10964], [-143.29451, 63.11022], [-143.29474, 63.11087], [-143.2951, 63.11152], [-143.29566, 63.11227], [-143.297, 63.11337], [-143.29797, 63.11401], [-143.29912, 63.11468], [-143.30464, 63.11719], [-143.30684, 63.11822], [-143.30724, 63.11845], [-143.30754, 63.11869], [-143.30791, 63.11901], [-143.30818, 63.11935], [-143.3084, 63.11987], [-143.30844, 63.1204], [-143.30835, 63.1208], [-143.30811, 63.12121], [-143.30746, 63.12185], [-143.30698, 63.1222], [-143.30617, 63.12258], [-143.30401, 63.12342], [-143.28508, 63.13047], [-143.27543, 63.13446], [-143.26329, 63.13947], [-143.26329, 63.13947], [-143.25319, 63.14223], [-143.24978, 63.14312], [-143.24641, 63.14422], [-143.23928, 63.14817], [-143.23727, 63.14895], [-143.23486, 63.14962], [-143.23105, 63.15041], [-143.22917, 63.15101], [-143.22771, 63.15172], [-143.22372, 63.15451], [-143.22196, 63.15544], [-143.22017, 63.15623], [-143.21121, 63.15962], [-143.20767, 63.16061], [-143.20283, 63.16114], [-143.1994, 63.16117], [-143.19746, 63.1611], [-143.19669, 63.16105], [-143.19577, 63.16098], [-143.19481, 63.16085], [-143.19481, 63.16085], [-143.19292, 63.16062], [-143.19292, 63.16062], [-143.19116, 63.16038], [-143.18918, 63.16017], [-143.1874, 63.16005], [-143.18579, 63.16003], [-143.18415, 63.16004], [-143.18117, 63.16033], [-143.17836, 63.16075], [-143.17499, 63.1618], [-143.17133, 63.16328], [-143.13278, 63.18173], [-143.12185, 63.18704], [-143.11483, 63.18959], [-143.09888, 63.19406], [-143.07657, 63.19973], [-143.06288, 63.20363], [-143.05011, 63.20721], [-143.04546, 63.20841], [-143.04375, 63.20895], [-143.04236, 63.20949], [-143.04092, 63.21023], [-143.03883, 63.21173], [-143.03769, 63.21308], [-143.03717, 63.21521], [-143.03773, 63.21704], [-143.03873, 63.21807], [-143.03927, 63.21859], [-143.03984, 63.21903], [-143.04135, 63.22011], [-143.04295, 63.22087], [-143.04493, 63.22174], [-143.04802, 63.2231], [-143.0496, 63.2238], [-143.05103, 63.22449], [-143.0518, 63.22497], [-143.05246, 63.22543], [-143.05303, 63.2259], [-143.05348, 63.22639], [-143.05375, 63.2267], [-143.05433, 63.22774], [-143.05449, 63.22826], [-143.05458, 63.2288], [-143.05452, 63.2298], [-143.05442, 63.23038], [-143.05426, 63.23081], [-143.0537, 63.23186], [-143.05247, 63.23375], [-143.04396, 63.2472], [-143.04344, 63.24799], [-143.04206, 63.2501], [-143.03749, 63.25742], [-143.03292, 63.26462], [-143.02375, 63.27915], [-143.02208, 63.28179], [-143.01749, 63.28903], [-143.0118, 63.2981], [-143.00963, 63.30151], [-143.00563, 63.30781], [-143.00407, 63.31028], [-143.00318, 63.31167], [-143.00203, 63.3134], [-143.00087, 63.31524], [-143.00032, 63.3161], [-142.99961, 63.31722], [-142.99746, 63.32061], [-142.99746, 63.32061], [-142.99626, 63.32244], [-142.9953, 63.32395], [-142.99323, 63.32719], [-142.99254, 63.32827], [-142.99196, 63.32919], [-142.99166, 63.32967], [-142.99166, 63.32967], [-142.99116, 63.33048], [-142.9909, 63.3309], [-142.99029, 63.33185], [-142.99007, 63.33218], [-142.98953, 63.33303], [-142.9888, 63.33416], [-142.98819, 63.33519], [-142.98778, 63.33594]]}}, {"type": "Feature", "properties": {"slug": "denali-highway", "name": "Denali Highway", "route": "AK-8", "color": "FF00897B", "source": "OpenStreetMap route relation (api.openstreetmap.org), simplified"}, "geometry": {"type": "LineString", "coordinates": [[-148.94917, 63.39203], [-148.94914, 63.39187], [-148.95071, 63.3913], [-148.95114, 63.39087], [-148.95082, 63.39055], [-148.94995, 63.3903], [-148.94897, 63.39024], [-148.94018, 63.39082], [-148.93791, 63.39126], [-148.92724, 63.39444], [-148.92594, 63.39465], [-148.92489, 63.39466], [-148.9239, 63.39458], [-148.92285, 63.39433], [-148.92192, 63.39405], [-148.91961, 63.39339], [-148.91861, 63.39318], [-148.91454, 63.39252], [-148.91116, 63.39197], [-148.90877, 63.39161], [-148.90206, 63.39049], [-148.90185, 63.39045], [-148.89634, 63.38956], [-148.89145, 63.38876], [-148.88846, 63.38829], [-148.88418, 63.38762], [-148.8784, 63.38673], [-148.8723, 63.38544], [-148.87057, 63.38475], [-148.86958, 63.38423], [-148.86888, 63.38363], [-148.86831, 63.38293], [-148.86757, 63.3826], [-148.8659, 63.38239], [-148.86486, 63.38212], [-148.86425, 63.3818], [-148.86323, 63.381], [-148.86132, 63.38004], [-148.85874, 63.37899], [-148.84694, 63.3766], [-148.83519, 63.3742], [-148.82831, 63.37278], [-148.82641, 63.3724], [-148.82364, 63.37217], [-148.81802, 63.372], [-148.81087, 63.37177], [-148.79905, 63.37145], [-148.78637, 63.37189], [-148.77272, 63.37252], [-148.76778, 63.37292], [-148.75785, 63.37606], [-148.74924, 63.37902], [-148.73846, 63.3826], [-148.71651, 63.38655], [-148.69095, 63.39102], [-148.67344, 63.39433], [-148.66059, 63.39658], [-148.65225, 63.39559], [-148.63123, 63.39225], [-148.6187, 63.39061], [-148.60203, 63.3903], [-148.57541, 63.38983], [-148.56449, 63.38994], [-148.5619, 63.39044], [-148.55491, 63.39262], [-148.55145, 63.39292], [-148.54476, 63.39308], [-148.5269, 63.39292], [-148.52412, 63.39301], [-148.51973, 63.39344], [-148.51602, 63.39332], [-148.51292, 63.39287], [-148.50869, 63.39123], [-148.5041, 63.38766], [-148.50017, 63.38648], [-148.49552, 63.38612], [-148.48733, 63.38597], [-148.47421, 63.38571], [-148.45887, 63.38537], [-148.44539, 63.38475], [-148.43955, 63.3844], [-148.43504, 63.38359], [-148.43185, 63.3829], [-148.42961, 63.3824], [-148.4243, 63.38196], [-148.41844, 63.38163], [-148.41147, 63.38094], [-148.40076, 63.37798], [-148.39684, 63.3771], [-148.39061, 63.37602], [-148.3854, 63.37504], [-148.38362, 63.37466], [-148.38077, 63.37436], [-148.37723, 63.37398], [-148.37306, 63.37336], [-148.37018, 63.37219], [-148.3638, 63.36961], [-148.35934, 63.36709], [-148.35513, 63.36468], [-148.3454, 63.35909], [-148.33755, 63.35699], [-148.33542, 63.35688], [-148.33097, 63.35733], [-148.32431, 63.3567], [-148.32038, 63.35574], [-148.30829, 63.35107], [-148.29136, 63.34548], [-148.28443, 63.34128], [-148.27968, 63.33816], [-148.27956, 63.33671], [-148.27939, 63.336], [-148.27848, 63.33527], [-148.2775, 63.33489], [-148.2702, 63.33348], [-148.2659, 63.33269], [-148.26319, 63.33215], [-148.25804, 63.33125], [-148.25605, 63.33084], [-148.25536, 63.33061], [-148.2548, 63.33023], [-148.25435, 63.32981], [-148.25408, 63.32842], [-148.25364, 63.32763], [-148.2513, 63.32588], [-148.25028, 63.32523], [-148.25002, 63.32504], [-148.24853, 63.32397], [-148.24579, 63.32201], [-148.24408, 63.32132], [-148.24251, 63.32123], [-148.2403, 63.32159], [-148.23804, 63.32214], [-148.2363, 63.3222], [-148.23219, 63.32212], [-148.22968, 63.32162], [-148.2259, 63.31993], [-148.21792, 63.31624], [-148.20726, 63.3118], [-148.1936, 63.3069], [-148.18995, 63.30583], [-148.18732, 63.3056], [-148.18531, 63.30544], [-148.1739, 63.30409], [-148.16828, 63.30327], [-148.16362, 63.30221], [-148.15267, 63.29968], [-148.15056, 63.29928], [-148.14924, 63.29929], [-148.14802, 63.29949], [-148.14404, 63.30054], [-148.13982, 63.30123], [-148.13424, 63.30072], [-148.1148, 63.29872], [-148.10847, 63.29803], [-148.10303, 63.29739], [-148.09055, 63.29554], [-148.07502, 63.29222], [-148.07276, 63.29172], [-148.07027, 63.29065], [-148.06936, 63.29], [-148.0677, 63.28869], [-148.06723, 63.28838], [-148.0666, 63.28791], [-148.06416, 63.28599], [-148.05988, 63.28303], [-148.05634, 63.28051], [-148.05492, 63.27972], [-148.05215, 63.27909], [-148.0462, 63.27885], [-148.04195, 63.27832], [-148.03366, 63.27659], [-148.01653, 63.27286], [-148.00867, 63.2716], [-148.00524, 63.27194], [-147.98986, 63.27427], [-147.98317, 63.27613], [-147.9696, 63.27778], [-147.96295, 63.27821], [-147.94493, 63.27724], [-147.94294, 63.27697], [-147.93803, 63.27507], [-147.93697, 63.2747], [-147.93537, 63.27431], [-147.93151, 63.27439], [-147.92403, 63.27585], [-147.91581, 63.27682], [-147.91483, 63.27689], [-147.91295, 63.27682], [-147.91029, 63.27637], [-147.90666, 63.27562], [-147.90476, 63.27514], [-147.90239, 63.27433], [-147.90037, 63.27421], [-147.89514, 63.27412], [-147.8904, 63.27303], [-147.88182, 63.271], [-147.87762, 63.27077], [-147.87113, 63.27039], [-147.86511, 63.26901], [-147.85319, 63.26618], [-147.84953, 63.26545], [-147.84271, 63.26465], [-147.83859, 63.26345], [-147.83104, 63.26126], [-147.82896, 63.26041], [-147.82373, 63.25706], [-147.82251, 63.25602], [-147.82124, 63.25457], [-147.81422, 63.25071], [-147.81191, 63.25014], [-147.80814, 63.24913], [-147.805, 63.24605], [-147.80487, 63.24588], [-147.80463, 63.24549], [-147.8035, 63.24412], [-147.80142, 63.24165], [-147.79946, 63.24066], [-147.79439, 63.23876], [-147.79174, 63.238], [-147.7815, 63.23675], [-147.77267, 63.23551], [-147.76569, 63.23356], [-147.75678, 63.23247], [-147.74331, 63.22924], [-147.73563, 63.22772], [-147.73271, 63.22753], [-147.72657, 63.22586], [-147.72171, 63.2248], [-147.71344, 63.22313], [-147.70896, 63.22226], [-147.69725, 63.22141], [-147.68484, 63.22032], [-147.68032, 63.2189], [-147.67632, 63.21704], [-147.67513, 63.21614], [-147.67447, 63.21463], [-147.67407, 63.21387], [-147.67286, 63.21302], [-147.67159, 63.2124], [-147.6681, 63.2115], [-147.66195, 63.20963], [-147.65738, 63.20855], [-147.65453, 63.20779], [-147.65338, 63.20732], [-147.64561, 63.20405], [-147.63973, 63.20222], [-147.63681, 63.20096], [-147.63015, 63.19709], [-147.62241, 63.19367], [-147.61852, 63.19272], [-147.6163, 63.19215], [-147.61467, 63.19191], [-147.61049, 63.19121], [-147.60794, 63.18955], [-147.60542, 63.18917], [-147.60057, 63.18872], [-147.59587, 63.18717], [-147.59083, 63.18593], [-147.58524, 63.18513], [-147.56656, 63.18092], [-147.55622, 63.17813], [-147.55267, 63.1769], [-147.54745, 63.17262], [-147.54285, 63.16861], [-147.5384, 63.16188], [-147.53744, 63.15545], [-147.53649, 63.15163], [-147.53214, 63.14555], [-147.53218, 63.14441], [-147.53555, 63.14011], [-147.53744, 63.13706], [-147.53903, 63.13384], [-147.53964, 63.1322], [-147.53698, 63.12631], [-147.53684, 63.12519], [-147.53701, 63.12436], [-147.53961, 63.12049], [-147.54138, 63.11828], [-147.54635, 63.11374], [-147.54664, 63.11287], [-147.54638, 63.11225], [-147.54555, 63.11146], [-147.54372, 63.11003], [-147.54172, 63.10842], [-147.53841, 63.10579], [-147.53679, 63.10456], [-147.53491, 63.10405], [-147.53333, 63.10389], [-147.53161, 63.10403], [-147.52419, 63.10453], [-147.52057, 63.10481], [-147.51763, 63.10503], [-147.51013, 63.10555], [-147.50425, 63.10596], [-147.50309, 63.10599], [-147.50165, 63.10577], [-147.50075, 63.10548], [-147.50008, 63.105], [-147.49478, 63.10027], [-147.49426, 63.09998], [-147.49273, 63.0995], [-147.49206, 63.09935], [-147.48786, 63.09855], [-147.48618, 63.09817], [-147.48526, 63.09772], [-147.48297, 63.09535], [-147.48226, 63.09465], [-147.48091, 63.094], [-147.48036, 63.09366], [-147.47989, 63.09306], [-147.47986, 63.09263], [-147.48031, 63.09165], [-147.48019, 63.09109], [-147.47946, 63.09019], [-147.47796, 63.08884], [-147.47401, 63.08606], [-147.47238, 63.0849], [-147.47079, 63.08381], [-147.46849, 63.08282], [-147.46515, 63.08192], [-147.46421, 63.08156], [-147.46362, 63.08087], [-147.46185, 63.07704], [-147.46219, 63.07642], [-147.46438, 63.07489], [-147.46623, 63.0736], [-147.46649, 63.07316], [-147.46634, 63.06892], [-147.46567, 63.06814], [-147.4638, 63.06663], [-147.46182, 63.06508], [-147.45962, 63.06328], [-147.45821, 63.06258], [-147.45632, 63.06189], [-147.45419, 63.06141], [-147.45175, 63.06113], [-147.44512, 63.06098], [-147.44272, 63.06095], [-147.44063, 63.06081], [-147.4389, 63.06053], [-147.43077, 63.05806], [-147.42819, 63.05695], [-147.42757, 63.05612], [-147.42716, 63.05451], [-147.42587, 63.05334], [-147.42405, 63.05269], [-147.42076, 63.0522], [-147.41702, 63.05186], [-147.41467, 63.0518], [-147.4105, 63.05203], [-147.40457, 63.05241], [-147.40186, 63.05236], [-147.3909, 63.05125], [-147.38422, 63.05127], [-147.37899, 63.05159], [-147.37315, 63.05193], [-147.37158, 63.05203], [-147.37046, 63.05228], [-147.36912, 63.0529], [-147.36678, 63.05406], [-147.36464, 63.05453], [-147.3506, 63.05458], [-147.34071, 63.05428], [-147.3363, 63.05357], [-147.33358, 63.05298], [-147.33088, 63.05207], [-147.32956, 63.05175], [-147.3276, 63.05169], [-147.31725, 63.05295], [-147.31391, 63.05333], [-147.31289, 63.05334], [-147.31208, 63.05326], [-147.31086, 63.05297], [-147.30626, 63.0518], [-147.2952, 63.05078], [-147.28592, 63.04999], [-147.28219, 63.0497], [-147.27663, 63.04956], [-147.27412, 63.04944], [-147.27012, 63.04801], [-147.26769, 63.04729], [-147.25709, 63.04515], [-147.25511, 63.0445], [-147.25197, 63.04312], [-147.25029, 63.04254], [-147.24813, 63.04217], [-147.24427, 63.04161], [-147.23891, 63.04131], [-147.23711, 63.04108], [-147.22922, 63.03957], [-147.22614, 63.0386], [-147.22436, 63.03808], [-147.22251, 63.03797], [-147.2184, 63.03839], [-147.21667, 63.03816], [-147.21071, 63.0369], [-147.20988, 63.03676], [-147.20604, 63.03663], [-147.19919, 63.03652], [-147.19745, 63.03644], [-147.19519, 63.03612], [-147.19433, 63.03587], [-147.19257, 63.03493], [-147.19084, 63.03403], [-147.19014, 63.03383], [-147.18671, 63.0332], [-147.18547, 63.0331], [-147.1845, 63.03315], [-147.18218, 63.0336], [-147.18021, 63.03384], [-147.17661, 63.03417], [-147.17259, 63.03463], [-147.17138, 63.03465], [-147.16828, 63.03447], [-147.16382, 63.03417], [-147.16087, 63.03384], [-147.15857, 63.03354], [-147.15643, 63.03343], [-147.14932, 63.03355], [-147.14062, 63.03369], [-147.11356, 63.03447], [-147.10014, 63.03439], [-147.09789, 63.03469], [-147.08956, 63.03694], [-147.07143, 63.04176], [-147.0591, 63.04438], [-147.04504, 63.04745], [-147.03763, 63.04904], [-147.03698, 63.04911], [-147.03623, 63.0491], [-147.03548, 63.049], [-147.0343, 63.0487], [-147.03128, 63.0479], [-147.03055, 63.04777], [-147.02967, 63.04768], [-147.02682, 63.04761], [-147.01875, 63.04755], [-147.01306, 63.04736], [-147.01157, 63.04722], [-147.0102, 63.04699], [-147.0084, 63.04656], [-147.00626, 63.04611], [-147.00271, 63.04574], [-147.00116, 63.04562], [-146.99997, 63.04547], [-146.99827, 63.04505], [-146.99727, 63.0448], [-146.99368, 63.04438], [-146.99226, 63.04432], [-146.99115, 63.04461], [-146.98918, 63.04558], [-146.98818, 63.04596], [-146.98707, 63.04616], [-146.9853, 63.04627], [-146.98201, 63.04715], [-146.9811, 63.04731], [-146.97945, 63.04729], [-146.9773, 63.04736], [-146.97581, 63.04792], [-146.97422, 63.04839], [-146.96488, 63.05025], [-146.96113, 63.05043], [-146.95238, 63.04996], [-146.94586, 63.04992], [-146.9432, 63.04918], [-146.93221, 63.04611], [-146.92188, 63.0432], [-146.91668, 63.04268], [-146.90517, 63.04181], [-146.89959, 63.04141], [-146.89636, 63.04137], [-146.88614, 63.04182], [-146.88391, 63.04194], [-146.88297, 63.04198], [-146.88291, 63.04199], [-146.88168, 63.04204], [-146.87651, 63.0423], [-146.84453, 63.04476], [-146.83911, 63.04547], [-146.83718, 63.046], [-146.83616, 63.04655], [-146.83298, 63.04843], [-146.8282, 63.05023], [-146.82588, 63.05092], [-146.82112, 63.05126], [-146.80198, 63.05298], [-146.79882, 63.05335], [-146.79728, 63.05338], [-146.79482, 63.05314], [-146.79275, 63.05293], [-146.79104, 63.05293], [-146.77628, 63.05443], [-146.77369, 63.05453], [-146.7616, 63.05425], [-146.75436, 63.05483], [-146.74754, 63.05546], [-146.74023, 63.05667], [-146.73791, 63.0575], [-146.73625, 63.0586], [-146.73507, 63.05966], [-146.72653, 63.06237], [-146.72055, 63.06504], [-146.71682, 63.06617], [-146.71595, 63.0664], [-146.71525, 63.06693], [-146.71382, 63.06784], [-146.71206, 63.06835], [-146.70916, 63.0691], [-146.70634, 63.0702], [-146.70132, 63.07254], [-146.69993, 63.07311], [-146.69167, 63.07583], [-146.68641, 63.07852], [-146.68439, 63.07972], [-146.68333, 63.08087], [-146.68298, 63.0816], [-146.68318, 63.0823], [-146.68395, 63.08376], [-146.68379, 63.08438], [-146.68309, 63.08513], [-146.68243, 63.08585], [-146.68189, 63.08635], [-146.6806, 63.08705], [-146.67984, 63.08779], [-146.67913, 63.08885], [-146.6784, 63.0903], [-146.67192, 63.09989], [-146.67041, 63.10122], [-146.6662, 63.10278], [-146.66094, 63.1043], [-146.6592, 63.1044], [-146.65305, 63.10417], [-146.64997, 63.10345], [-146.63916, 63.10135], [-146.636, 63.1014], [-146.63273, 63.10153], [-146.6262, 63.10074], [-146.62378, 63.10123], [-146.62069, 63.1018], [-146.61872, 63.10163], [-146.61486, 63.10065], [-146.61186, 63.10041], [-146.61007, 63.10047], [-146.60852, 63.10081], [-146.60438, 63.10255], [-146.60038, 63.10422], [-146.59914, 63.10461], [-146.5957, 63.10533], [-146.59096, 63.10635], [-146.58985, 63.10684], [-146.58789, 63.10869], [-146.58675, 63.1095], [-146.58118, 63.1113], [-146.57892, 63.11228], [-146.57083, 63.11737], [-146.56765, 63.11921], [-146.56562, 63.11973], [-146.56391, 63.11998], [-146.55725, 63.12031], [-146.55377, 63.12044], [-146.55313, 63.1204], [-146.55167, 63.12019], [-146.5502, 63.11977], [-146.54694, 63.11869], [-146.54365, 63.11838], [-146.54223, 63.11847], [-146.54096, 63.11865], [-146.53694, 63.11925], [-146.5349, 63.11951], [-146.53276, 63.11973], [-146.53218, 63.1198], [-146.52989, 63.11996], [-146.52386, 63.12057], [-146.51714, 63.12307], [-146.51557, 63.12341], [-146.50586, 63.12426], [-146.49408, 63.12537], [-146.49067, 63.1258], [-146.48865, 63.12662], [-146.48588, 63.12839], [-146.48282, 63.12924], [-146.48026, 63.12925], [-146.47325, 63.12763], [-146.4676, 63.12629], [-146.4657, 63.12549], [-146.45737, 63.11376], [-146.44794, 63.10433], [-146.44419, 63.10088], [-146.43953, 63.09477], [-146.43627, 63.09187], [-146.43583, 63.09036], [-146.43531, 63.08793], [-146.4345, 63.08722], [-146.43378, 63.08692], [-146.43233, 63.08663], [-146.43067, 63.08655], [-146.42926, 63.08673], [-146.42709, 63.08724], [-146.42367, 63.08789], [-146.41415, 63.08918], [-146.41261, 63.08929], [-146.41073, 63.0893], [-146.40473, 63.08903], [-146.4009, 63.08859], [-146.3979, 63.08765], [-146.39341, 63.08692], [-146.38886, 63.08644], [-146.38479, 63.0864], [-146.36223, 63.08624], [-146.35967, 63.08648], [-146.35564, 63.0872], [-146.34416, 63.08922], [-146.34122, 63.08949], [-146.33102, 63.09009], [-146.32092, 63.09062], [-146.31241, 63.09029], [-146.305, 63.09113], [-146.29954, 63.09196], [-146.29847, 63.09235], [-146.29694, 63.09305], [-146.29584, 63.09328], [-146.29468, 63.09335], [-146.29186, 63.09297], [-146.28712, 63.09218], [-146.28142, 63.09073], [-146.27825, 63.08961], [-146.27713, 63.08928], [-146.27474, 63.08919], [-146.27212, 63.08909], [-146.26295, 63.08852], [-146.26026, 63.08833], [-146.25824, 63.08848], [-146.25356, 63.08897], [-146.24983, 63.08899], [-146.2461, 63.08882], [-146.24416, 63.08848], [-146.24076, 63.08705], [-146.23675, 63.08311], [-146.23568, 63.08103], [-146.23516, 63.07949], [-146.23439, 63.07894], [-146.23064, 63.07747], [-146.22893, 63.07713], [-146.2187, 63.07664], [-146.21672, 63.07636], [-146.20587, 63.07357], [-146.19902, 63.07283], [-146.18818, 63.07224], [-146.18424, 63.07335], [-146.18225, 63.07363], [-146.1803, 63.07353], [-146.17379, 63.07301], [-146.16219, 63.07339], [-146.1484, 63.07497], [-146.13851, 63.07824], [-146.13775, 63.07866], [-146.13659, 63.07991], [-146.13548, 63.081], [-146.13401, 63.08157], [-146.1314, 63.08209], [-146.12562, 63.08299], [-146.12425, 63.08303], [-146.12243, 63.08272], [-146.11834, 63.08171], [-146.11742, 63.08126], [-146.1101, 63.07188], [-146.10944, 63.07124], [-146.10868, 63.07084], [-146.10658, 63.06996], [-146.09506, 63.065], [-146.08295, 63.06137], [-146.07724, 63.05951], [-146.05669, 63.05164], [-146.04837, 63.04868], [-146.04552, 63.0483], [-146.04382, 63.04797], [-146.04144, 63.04716], [-146.03893, 63.04622], [-146.03794, 63.04596], [-146.03681, 63.04577], [-146.03533, 63.04572], [-146.03389, 63.04578], [-146.03002, 63.046], [-146.02913, 63.04599], [-146.02792, 63.04573], [-146.02627, 63.04522], [-146.02526, 63.0451], [-146.02438, 63.04511], [-146.023, 63.04527], [-146.02021, 63.0457], [-146.01837, 63.04597], [-146.01781, 63.04606], [-146.01511, 63.04644], [-146.01172, 63.04693], [-146.01005, 63.04717], [-146.00725, 63.04774], [-146.0047, 63.04829], [-146.00349, 63.04834], [-146.00201, 63.04816], [-145.99921, 63.04776], [-145.99743, 63.04755], [-145.9962, 63.04757], [-145.99486, 63.04772], [-145.99354, 63.0481], [-145.99144, 63.04911], [-145.98688, 63.05043], [-145.9852, 63.05104], [-145.98428, 63.05163], [-145.98345, 63.05233], [-145.98277, 63.05278], [-145.98218, 63.05303], [-145.98127, 63.05328], [-145.98027, 63.0534], [-145.97875, 63.05337], [-145.97801, 63.05329], [-145.97722, 63.05309], [-145.97647, 63.05278], [-145.97312, 63.0504], [-145.97209, 63.04983], [-145.97056, 63.04947], [-145.96974, 63.0494], [-145.96053, 63.04921], [-145.9478, 63.04894], [-145.94436, 63.04917], [-145.94079, 63.04955], [-145.93397, 63.05016], [-145.9322, 63.05014], [-145.92967, 63.04978], [-145.92675, 63.0492], [-145.92191, 63.04826], [-145.90088, 63.04333], [-145.8992, 63.04285], [-145.89741, 63.04247], [-145.89603, 63.04234], [-145.88438, 63.04158], [-145.87066, 63.04067], [-145.86486, 63.04007], [-145.86267, 63.03981], [-145.8611, 63.03983], [-145.85672, 63.04039], [-145.85227, 63.04113], [-145.84977, 63.0421], [-145.83916, 63.04741], [-145.819, 63.05403], [-145.81627, 63.05464], [-145.81479, 63.05476], [-145.81237, 63.0547], [-145.80991, 63.05465], [-145.80775, 63.05499], [-145.80469, 63.05549], [-145.80312, 63.05555], [-145.77241, 63.05213], [-145.76935, 63.05193], [-145.76687, 63.05195], [-145.76301, 63.05232], [-145.75883, 63.05287], [-145.75614, 63.05361], [-145.75428, 63.05426], [-145.75315, 63.05476], [-145.74773, 63.05824], [-145.74621, 63.05896], [-145.7442, 63.05939], [-145.73757, 63.06064], [-145.73523, 63.06124], [-145.73305, 63.06153], [-145.7288, 63.06177], [-145.72709, 63.06206], [-145.72488, 63.06292], [-145.72172, 63.06415], [-145.71835, 63.06514], [-145.71712, 63.0655], [-145.71637, 63.06588], [-145.71557, 63.06653], [-145.71521, 63.06835], [-145.71503, 63.06913], [-145.71462, 63.06967], [-145.71389, 63.07028], [-145.71213, 63.07134], [-145.71063, 63.07236], [-145.71019, 63.07312], [-145.71013, 63.07367], [-145.71013, 63.07479], [-145.70966, 63.07573], [-145.70872, 63.07667], [-145.70783, 63.07713], [-145.70693, 63.0774], [-145.70341, 63.07793], [-145.69687, 63.07905], [-145.69414, 63.07945], [-145.69246, 63.07945], [-145.68821, 63.07901], [-145.68339, 63.07846], [-145.68118, 63.07837], [-145.67865, 63.07857], [-145.67377, 63.07893], [-145.67159, 63.07921], [-145.66958, 63.07984], [-145.66653, 63.08083], [-145.65844, 63.08256], [-145.65701, 63.08316], [-145.65601, 63.08381], [-145.65476, 63.08466], [-145.65398, 63.085], [-145.64105, 63.08961], [-145.63535, 63.09191], [-145.63454, 63.09211], [-145.63355, 63.09221], [-145.63231, 63.0922], [-145.6314, 63.09209], [-145.62902, 63.09139], [-145.62749, 63.09096], [-145.62613, 63.09077], [-145.62475, 63.09079], [-145.62209, 63.09121], [-145.62059, 63.09134], [-145.61866, 63.09121], [-145.61651, 63.09093], [-145.61467, 63.09047], [-145.61105, 63.08876], [-145.60841, 63.08493], [-145.60304, 63.07772], [-145.60152, 63.07671], [-145.59404, 63.07271], [-145.5924, 63.0718], [-145.59197, 63.07129], [-145.59167, 63.07032], [-145.59166, 63.0672], [-145.59105, 63.06629], [-145.58848, 63.06395], [-145.58663, 63.06235], [-145.58494, 63.06172], [-145.58342, 63.06144], [-145.58257, 63.06136], [-145.58154, 63.06136], [-145.57768, 63.06181], [-145.57123, 63.06259], [-145.56949, 63.06272], [-145.56747, 63.06269], [-145.56187, 63.06248], [-145.55984, 63.0622], [-145.55839, 63.06169], [-145.55753, 63.06113], [-145.55628, 63.05976], [-145.55506, 63.0592], [-145.54055, 63.05566], [-145.53654, 63.05476], [-145.53477, 63.05456], [-145.53112, 63.05439], [-145.52898, 63.05418], [-145.51886, 63.05118], [-145.51702, 63.05038], [-145.51631, 63.04969], [-145.51604, 63.04887], [-145.516, 63.0473], [-145.51559, 63.04634], [-145.51104, 63.04276], [-145.50917, 63.04192], [-145.50799, 63.04124], [-145.50695, 63.04], [-145.50652, 63.0392], [-145.50654, 63.03865], [-145.50664, 63.03837], [-145.50716, 63.03729], [-145.50719, 63.03691], [-145.50712, 63.03664], [-145.50685, 63.03626], [-145.50629, 63.03543], [-145.50621, 63.0345], [-145.5061, 63.03401], [-145.50587, 63.03366], [-145.50515, 63.03312], [-145.50174, 63.03159], [-145.50135, 63.03141], [-145.50057, 63.03106], [-145.49735, 63.02957], [-145.49655, 63.02925], [-145.49623, 63.02915], [-145.49631, 63.0294], [-145.49646, 63.02934], [-145.49668, 63.02931], [-145.49687, 63.02935]]}}]}